cell	band	player	luck	runs	won	extracted	lost	capped	stalled	win_pct	target_pct	units_lost_mean	mechs_lost_mean	turns_median	bug_phase_ms_median	hit_pct	wall_s	pin
infestation-clearance/act-1	act-1	new	new	8	6	0	2	0	6	75	90	2.00	0.88	20.5	231	76	70	
infestation-clearance/act-1	act-1	expert	expert	8	8	0	0	0	1	100	90	0.38	0.13	11.5	61	74	32	clear
infestation-clearance/act-2	act-2	new	new	8	4	0	4	0	1	50	75	3.00	0.75	20.5	998	74	177	
infestation-clearance/act-2	act-2	expert	expert	8	5	2	1	0	0	63	75	2.13	0.63	21	919	75	176	clear
infestation-clearance/act-3	act-3	new	new	8	7	0	1	1	6	88	65	3.63	1.38	32.5	758	78	515	
infestation-clearance/act-3	act-3	expert	expert	8	7	0	1	1	1	88	65	1.13	0.50	16.5	633	77	465	clear
crash-site/act-1	act-1	new	new	8	7	0	1	0	1	88	90	1.00	0.13	13	42	71	21	
crash-site/act-1	act-1	expert	expert	8	8	0	0	0	0	100	90	0.13	0.00	7	36	85	14	clear
crash-site/act-2	act-2	new	new	8	6	1	1	0	1	75	75	1.88	0.13	15.5	123	79	38	
crash-site/act-2	act-2	expert	expert	8	7	0	1	0	1	88	75	0.75	0.13	11.5	152	65	33	clear
crash-site/act-3	act-3	new	new	8	8	0	0	0	0	100	65	0.25	0.00	12	89	78	46	
crash-site/act-3	act-3	expert	expert	8	8	0	0	0	0	100	65	0.13	0.00	6.5	63	63	26	clear
evacuation/act-1	act-1	new	new	8	4	0	4	0	4	50	90	3.50	0.88	24	615	73	162	
evacuation/act-1	act-1	expert	expert	8	5	2	1	0	0	63	90	2.13	0.13	19	510	67	183	clear
evacuation/act-2	act-2	new	new	8	4	0	4	0	4	50	75	4.25	1.00	24.5	1155	73	244	
evacuation/act-2	act-2	expert	expert	8	3	2	3	0	1	38	75	3.75	0.50	24	1021	74	243	allowance
evacuation/act-3	act-3	new	new	8	2	1	5	0	7	25	65	6.38	2.38	27.5	1202	80	637	
evacuation/act-3	act-3	expert	expert	8	3	4	1	1	0	38	65	3.38	0.38	21	1189	78	471	clear
defend-installation/act-1	act-1	new	new	8	8	0	0	0	0	100	90	0.75	0.00	29	81	67	85	
defend-installation/act-1	act-1	expert	expert	8	8	0	0	0	0	100	90	0.63	0.00	24	47	68	87	clear
defend-installation/act-2	act-2	new	new	8	4	0	4	4	0	50	75	3.75	0.50	59.5	20	73	124	
defend-installation/act-2	act-2	expert	expert	8	5	2	1	2	0	63	75	2.25	0.25	31	242	74	146	clear
defend-installation/act-3	act-3	new	new	8	7	0	1	1	0	88	65	1.25	0.38	29	267	80	237	
defend-installation/act-3	act-3	expert	expert	8	7	0	1	1	0	88	65	1.38	0.38	39.5	92	78	394	clear
tunnel-sabotage/act-2	act-2	new	new	8	4	0	4	0	3	50	75	4.00	0.63	19.5	789	78	123	
tunnel-sabotage/act-2	act-2	expert	expert	8	6	1	1	0	3	75	75	2.50	0.50	19.5	720	75	107	clear
tunnel-sabotage/act-3	act-3	new	new	8	8	0	0	0	3	100	65	1.00	0.50	11.5	688	72	153	
tunnel-sabotage/act-3	act-3	expert	expert	8	8	0	0	0	0	100	65	0.63	0.00	10	531	75	133	clear
wreck-recovery/act-2	act-2	new	new	8	7	0	1	0	2	88	75	0.75	0.25	6	10	74	49	
wreck-recovery/act-2	act-2	expert	expert	8	7	1	0	0	1	88	75	0.38	0.13	8.5	190	70	36	clear
wreck-recovery/act-3	act-3	new	new	8	8	0	0	0	2	100	65	0.50	0.50	7	121	79	86	
wreck-recovery/act-3	act-3	expert	expert	8	8	0	0	0	0	100	65	0.13	0.00	7	129	85	52	clear
hive-assault/act-2	act-2	new	new	8	0	0	8	0	0	0	75	5.00	1.00	24	1879	74	483	
hive-assault/act-2	act-2	expert	expert	8	0	4	4	0	0	0	75	4.50	0.88	17	1719	66	266	clear
hive-assault/act-3	act-3	new	new	8	0	0	8	8	0	0	65	8.00	3.00	61	3361	76	1885	
hive-assault/act-3	act-3	expert	expert	8	5	0	3	3	1	63	65	4.13	1.00	42	3453	80	1577	clear
story:first-skyfall/act-1	act-1	new	new	8	8	0	0	0	0	100	90	0.13	0.00	5	6	50	6	
story:first-skyfall/act-1	act-1	expert	expert	8	8	0	0	0	0	100	90	0.13	0.00	5	5	71	5	clear
story:live-specimen/act-1	act-1	new	new	8	4	1	3	0	3	50	90	2.75	0.50	15.5	298	78	72	
story:live-specimen/act-1	act-1	expert	expert	8	5	2	1	0	1	63	90	2.13	0.50	15.5	311	71	58	clear
story:live-specimen/act-1	act-1	expert	new	8	6	2	0	0	0	75	90	1.38	0.13	10	148	72	37	
story:intact-pod/act-2	act-2	new	new	8	7	0	1	0	2	88	75	1.38	0.25	19.5	122	74	41	
story:intact-pod/act-2	act-2	expert	expert	8	8	0	0	0	0	100	75	0.25	0.00	12.5	245	66	34	clear
story:uplink/act-3	act-3	new	new	8	7	0	1	1	0	88	65	1.75	0.38	29	166	71	165	
story:uplink/act-3	act-3	expert	expert	8	8	0	0	0	0	100	65	0.38	0.00	26.5	152	73	191	clear
story:great-hive/act-3	act-3	new	new	8	0	0	8	8	0	0	65	8.00	3.00	61	5914	75	2913	
story:great-hive/act-3	act-3	expert	expert	8	0	0	8	8	0	0	65	6.50	2.88	61	5395	79	3151	clear
story:launch-window/finale	finale	new	new	8	5	0	3	3	0	63	55	3.38	1.13	55.5	165	76	604	
story:launch-window/finale	finale	expert	expert	8	5	0	3	3	0	63	55	3.25	1.13	57	198	77	789	clear
