cell	seed	player	luck	difficulty	outcome	abandoned	turns	units_lost	mechs_lost	deployed	bug_phase_ms	shots	hits	commands	refused	wall_s
story:launch-window/finale	0	new	new	8	lost	stall	34	8	3	8	149	148	109	293	0	7.4
story:launch-window/finale	0	expert	expert	8	won		30	3	0	8	185	119	84	315	0	8.2
story:launch-window/finale	1	new	new	8	lost	stall	34	8	3	8	144	166	130	284	0	7.1
story:launch-window/finale	1	expert	expert	8	won		28	4	0	8	172	84	71	253	0	7.3
story:launch-window/finale	2	new	new	8	won	stall	39	7	2	8	144	136	103	251	0	9.4
story:launch-window/finale	2	expert	expert	8	won		28	1	0	8	187	96	68	256	0	8.4
story:launch-window/finale	3	new	new	8	lost	stall	34	8	3	8	134	140	110	229	0	7.0
story:launch-window/finale	3	expert	expert	8	won		29	1	0	8	128	100	80	301	0	5.8
story:launch-window/finale	4	new	new	8	won		33	4	0	8	180	120	100	228	0	7.6
story:launch-window/finale	4	expert	expert	8	won		28	2	0	8	163	101	74	292	0	6.8
story:launch-window/finale	5	new	new	8	won		34	5	0	8	149	104	82	248	0	6.8
story:launch-window/finale	5	expert	expert	8	won		35	3	0	8	193	101	82	282	0	8.7
story:launch-window/finale	6	new	new	8	won		45	2	0	8	104	162	120	429	0	9.1
story:launch-window/finale	6	expert	expert	8	won		29	4	0	8	178	107	79	276	0	8.2
story:launch-window/finale	7	new	new	8	lost	stall	34	8	3	8	125	113	86	251	0	6.7
story:launch-window/finale	7	expert	expert	8	won		30	0	0	8	152	104	80	319	0	6.8
story:launch-window/finale	8	new	new	8	won		38	1	0	8	97	120	97	349	0	6.9
story:launch-window/finale	8	expert	expert	8	won		31	1	0	8	129	93	74	313	0	5.6
story:launch-window/finale	9	new	new	8	lost	stall	34	8	3	8	131	142	111	233	0	5.8
story:launch-window/finale	9	expert	expert	8	won		28	3	0	8	134	124	94	306	0	5.7
story:launch-window/finale	10	new	new	8	won		33	5	0	8	153	94	82	221	0	6.6
story:launch-window/finale	10	expert	expert	8	won		29	0	0	8	174	92	74	293	0	6.6
story:launch-window/finale	11	new	new	8	won		33	5	0	8	152	148	114	324	0	7.9
story:launch-window/finale	11	expert	expert	8	won		30	0	0	8	172	112	86	341	0	7.3
story:launch-window/finale	12	new	new	8	won		32	5	0	8	138	117	97	265	0	7.3
story:launch-window/finale	12	expert	expert	8	won		30	1	0	8	175	130	104	341	0	7.0
story:launch-window/finale	13	new	new	8	won		38	5	0	8	205	114	90	231	0	9.9
story:launch-window/finale	13	expert	expert	8	won		28	2	0	8	172	97	76	280	0	6.4
story:launch-window/finale	14	new	new	8	lost	stall	34	8	3	8	159	116	92	237	0	7.5
story:launch-window/finale	14	expert	expert	8	won		31	1	0	8	223	112	87	336	0	8.5
story:launch-window/finale	15	new	new	8	won		36	4	0	8	136	154	118	272	0	8.3
story:launch-window/finale	15	expert	expert	8	won	stall	38	3	1	8	143	110	90	305	0	8.9
story:great-hive/act-3	0	new	new	8	lost	cap	61	8	3	8	33	169	122	450	0	3.5
story:great-hive/act-3	0	expert	expert	8	won		40	5	0	8	43	77	63	233	0	3.4
story:great-hive/act-3	1	new	new	8	lost	cap	61	8	3	8	44	182	136	372	0	3.8
story:great-hive/act-3	1	expert	expert	8	won		26	4	0	8	65	31	22	216	0	2.9
story:great-hive/act-3	2	new	new	8	won		55	5	0	8	53	140	108	383	0	4.2
story:great-hive/act-3	2	expert	expert	8	won		28	5	0	8	85	40	34	190	0	3.7
story:great-hive/act-3	3	new	new	8	won	cap	61	6	1	8	48	151	116	469	0	4.8
story:great-hive/act-3	3	expert	expert	8	won		29	5	0	8	63	25	18	206	0	3.3
story:great-hive/act-3	4	new	new	8	won	stall	58	7	2	8	42	135	101	356	0	4.0
story:great-hive/act-3	4	expert	expert	8	won	stall	39	5	1	8	66	43	35	224	0	4.1
story:great-hive/act-3	5	new	new	8	lost	cap	61	8	3	8	46	213	151	451	0	4.4
story:great-hive/act-3	5	expert	expert	8	won		33	4	0	8	74	44	34	194	0	3.8
story:great-hive/act-3	6	new	new	8	lost	cap	61	8	3	8	36	194	143	419	0	4.2
story:great-hive/act-3	6	expert	expert	8	lost	cap	61	8	3	8	69	107	85	250	0	6.1
story:great-hive/act-3	7	new	new	8	lost	cap	61	8	3	8	63	181	136	425	0	5.1
story:great-hive/act-3	7	expert	expert	8	won		39	4	0	8	80	29	25	204	0	4.3
story:great-hive/act-3	8	new	new	8	lost	cap	61	8	3	8	39	196	137	430	0	4.1
story:great-hive/act-3	8	expert	expert	8	won	stall	38	5	1	8	65	35	24	214	0	4.0
story:great-hive/act-3	9	new	new	8	won	stall	57	6	1	8	30	161	127	371	0	3.1
story:great-hive/act-3	9	expert	expert	8	won		30	5	0	8	83	37	30	170	0	3.5
story:great-hive/act-3	10	new	new	8	lost	cap	61	8	3	8	42	186	138	381	0	4.0
story:great-hive/act-3	10	expert	expert	8	won	stall	37	5	1	8	67	47	38	231	0	4.3
story:great-hive/act-3	11	new	new	8	lost	cap	61	8	3	8	40	198	152	470	0	4.0
story:great-hive/act-3	11	expert	expert	8	won		27	3	0	8	76	51	37	189	0	3.3
story:great-hive/act-3	12	new	new	8	lost	cap	61	8	3	8	60	189	140	421	0	4.9
story:great-hive/act-3	12	expert	expert	8	won		23	4	0	8	56	25	21	186	0	2.7
story:great-hive/act-3	13	new	new	8	lost	cap	61	8	3	8	33	166	123	385	0	3.6
story:great-hive/act-3	13	expert	expert	8	won		34	3	0	8	63	71	48	253	0	3.4
story:great-hive/act-3	14	new	new	8	won		60	5	0	8	51	161	116	371	0	4.2
story:great-hive/act-3	14	expert	expert	8	won		28	3	0	8	48	29	20	234	0	3.0
story:great-hive/act-3	15	new	new	8	lost	cap	61	8	3	8	53	184	140	425	0	4.5
story:great-hive/act-3	15	expert	expert	8	won	stall	35	6	1	8	40	35	28	179	0	3.2
hive-assault/act-3	0	new	new	5	won		27	2	0	8	3	59	46	405	0	1.3
hive-assault/act-3	0	expert	expert	5	won		24	1	0	8	19	10	7	209	0	1.3
hive-assault/act-3	1	new	new	6	won		42	4	0	8	14	117	83	554	0	2.0
hive-assault/act-3	1	expert	expert	6	won		30	3	0	8	38	30	21	215	0	2.1
hive-assault/act-3	2	new	new	7	lost	cap	61	8	3	8	51	176	139	416	0	4.4
hive-assault/act-3	2	expert	expert	7	won	stall	45	6	1	8	73	71	54	201	0	4.2
hive-assault/act-3	3	new	new	8	won		49	5	0	8	22	129	100	401	0	2.2
hive-assault/act-3	3	expert	expert	8	won		29	2	0	8	45	39	32	228	0	2.1
hive-assault/act-3	4	new	new	9	lost	cap	61	8	3	8	36	171	126	394	0	3.3
hive-assault/act-3	4	expert	expert	9	won		35	5	0	8	73	40	27	206	0	3.6
hive-assault/act-3	5	new	new	5	won		43	3	0	8	8	92	62	453	0	1.5
hive-assault/act-3	5	expert	expert	5	won		30	4	0	8	19	29	22	213	0	1.4
hive-assault/act-3	6	new	new	6	won		40	5	0	8	14	113	83	403	0	1.8
hive-assault/act-3	6	expert	expert	6	won		30	3	0	8	30	34	26	209	0	1.9
hive-assault/act-3	7	new	new	7	won		57	4	0	8	24	140	103	508	0	2.9
hive-assault/act-3	7	expert	expert	7	won		37	5	0	8	60	40	29	240	0	3.2
hive-assault/act-3	8	new	new	8	lost	cap	61	8	3	8	33	178	131	358	0	3.2
hive-assault/act-3	8	expert	expert	8	won		31	5	0	8	78	46	34	183	0	3.5
hive-assault/act-3	9	new	new	9	lost	cap	61	8	3	8	23	161	125	317	0	2.7
hive-assault/act-3	9	expert	expert	9	won	stall	48	4	1	8	57	70	56	212	0	4.1
hive-assault/act-3	10	new	new	5	won		42	4	0	8	9	62	50	354	0	1.7
hive-assault/act-3	10	expert	expert	5	won		28	2	0	8	20	20	13	234	0	1.7
hive-assault/act-3	11	new	new	6	won		38	3	0	8	21	102	71	469	0	1.9
hive-assault/act-3	11	expert	expert	6	won		28	4	0	8	35	34	23	218	0	1.8
hive-assault/act-3	12	new	new	7	won		52	5	0	8	23	134	98	338	0	2.3
hive-assault/act-3	12	expert	expert	7	won		37	5	0	8	54	38	29	198	0	3.1
hive-assault/act-3	13	new	new	8	won	stall	53	6	1	8	19	118	99	339	0	2.1
hive-assault/act-3	13	expert	expert	8	won		27	5	0	8	66	47	40	201	0	2.5
hive-assault/act-3	14	new	new	9	lost	cap	61	8	3	8	36	189	144	395	0	3.4
hive-assault/act-3	14	expert	expert	9	won		39	5	0	8	60	72	58	203	0	3.4
hive-assault/act-3	15	new	new	5	won		43	4	0	8	7	87	61	410	0	1.5
hive-assault/act-3	15	expert	expert	5	won		27	4	0	8	22	12	10	189	0	1.4
defend-installation/act-3	0	new	new	5	won		27	3	0	8	103	99	68	243	0	3.8
defend-installation/act-3	0	expert	expert	5	won		24	1	0	8	84	93	68	223	0	2.9
defend-installation/act-3	1	new	new	6	won		37	5	0	8	46	105	85	212	0	3.2
defend-installation/act-3	1	expert	expert	6	won		25	2	0	8	99	109	81	264	0	3.4
defend-installation/act-3	2	new	new	7	won	stall	40	6	1	8	62	112	92	190	0	4.2
defend-installation/act-3	2	expert	expert	7	won		24	1	0	8	114	95	73	233	0	3.9
defend-installation/act-3	3	new	new	8	lost	stall	32	8	3	8	141	124	96	258	0	6.4
defend-installation/act-3	3	expert	expert	8	won		26	1	0	8	144	114	77	258	0	6.1
defend-installation/act-3	4	new	new	9	lost	stall	32	8	3	8	135	109	84	296	0	6.6
defend-installation/act-3	4	expert	expert	9	extracted		31	5	0	8	258	56	46	239	0	10.6
defend-installation/act-3	5	new	new	5	won		25	2	0	8	94	110	88	246	0	3.3
defend-installation/act-3	5	expert	expert	5	won		23	0	0	8	81	91	62	265	0	2.8
defend-installation/act-3	6	new	new	6	won		27	3	0	8	84	119	95	249	0	3.1
defend-installation/act-3	6	expert	expert	6	won		24	2	0	8	137	82	62	249	0	4.0
defend-installation/act-3	7	new	new	7	won	stall	37	6	1	8	107	85	67	185	0	4.6
defend-installation/act-3	7	expert	expert	7	won		23	5	0	8	104	78	60	197	0	3.0
defend-installation/act-3	8	new	new	8	won		32	1	0	8	61	70	52	284	0	3.9
defend-installation/act-3	8	expert	expert	8	won		26	4	0	8	175	84	67	228	0	5.6
defend-installation/act-3	9	new	new	9	lost	stall	32	8	3	8	161	132	104	279	0	7.1
defend-installation/act-3	9	expert	expert	9	won		28	2	0	8	210	105	74	280	0	7.0
defend-installation/act-3	10	new	new	5	won		29	5	0	8	46	92	78	197	0	2.5
defend-installation/act-3	10	expert	expert	5	won		21	4	0	8	94	65	47	171	0	2.5
defend-installation/act-3	11	new	new	6	lost	stall	30	8	3	8	84	117	75	189	0	3.6
defend-installation/act-3	11	expert	expert	6	won		23	3	0	8	106	74	58	212	0	3.8
defend-installation/act-3	12	new	new	7	won		28	4	0	8	108	133	106	272	0	4.3
defend-installation/act-3	12	expert	expert	7	won		24	2	0	8	116	96	77	229	0	4.2
defend-installation/act-3	13	new	new	8	won	stall	45	6	1	8	137	144	115	317	0	9.4
defend-installation/act-3	13	expert	expert	8	won		28	4	0	8	133	116	88	295	0	6.8
defend-installation/act-3	14	new	new	9	lost	stall	32	8	3	8	179	117	92	250	0	7.9
defend-installation/act-3	14	expert	expert	9	won		30	0	0	8	219	115	88	331	0	8.6
defend-installation/act-3	15	new	new	5	lost	stall	28	8	3	8	62	111	80	166	0	3.0
defend-installation/act-3	15	expert	expert	5	won		21	3	0	8	63	101	78	233	0	2.5
story:uplink/act-3	0	new	new	6	won		27	2	0	8	82	98	75	224	0	3.8
story:uplink/act-3	0	expert	expert	6	won		23	2	0	8	137	94	66	238	0	4.6
story:uplink/act-3	1	new	new	6	lost	stall	30	8	3	8	55	127	91	205	0	2.9
story:uplink/act-3	1	expert	expert	6	won		22	4	0	8	100	55	44	219	0	3.4
story:uplink/act-3	2	new	new	6	lost	stall	30	8	3	8	102	90	74	155	0	3.3
story:uplink/act-3	2	expert	expert	6	won		23	1	0	8	58	90	66	236	0	2.4
story:uplink/act-3	3	new	new	6	won		26	2	0	8	81	75	59	178	0	3.2
story:uplink/act-3	3	expert	expert	6	won		25	1	0	8	102	116	91	263	0	3.7
story:uplink/act-3	4	new	new	6	won		29	4	0	8	66	101	82	204	0	3.1
story:uplink/act-3	4	expert	expert	6	won		23	4	0	8	119	118	85	240	0	3.8
story:uplink/act-3	5	new	new	6	won	stall	37	2	1	8	54	130	95	243	0	3.2
story:uplink/act-3	5	expert	expert	6	won		23	0	0	8	82	93	69	236	0	3.3
story:uplink/act-3	6	new	new	6	won		31	5	0	8	78	132	106	261	0	4.1
story:uplink/act-3	6	expert	expert	6	extracted		22	5	0	8	147	53	41	193	0	4.3
story:uplink/act-3	7	new	new	6	won		37	2	0	8	78	140	109	247	0	5.3
story:uplink/act-3	7	expert	expert	6	won		22	3	0	8	132	83	60	218	0	3.9
story:uplink/act-3	8	new	new	6	won		35	4	0	8	61	112	77	264	0	3.7
story:uplink/act-3	8	expert	expert	6	won		26	2	0	8	106	111	83	256	0	3.7
story:uplink/act-3	9	new	new	6	lost	stall	30	8	3	8	84	93	71	159	0	3.5
story:uplink/act-3	9	expert	expert	6	won		23	1	0	8	76	80	58	207	0	3.0
story:uplink/act-3	10	new	new	6	won		36	2	0	8	47	96	77	206	0	3.3
story:uplink/act-3	10	expert	expert	6	won		23	2	0	8	90	66	50	190	0	2.9
story:uplink/act-3	11	new	new	6	lost	stall	30	8	3	8	85	107	85	186	0	3.8
story:uplink/act-3	11	expert	expert	6	won		24	0	0	8	86	131	102	252	0	3.1
story:uplink/act-3	12	new	new	6	lost	stall	30	8	3	8	107	112	88	171	0	3.6
story:uplink/act-3	12	expert	expert	6	won		23	1	0	8	81	125	97	258	0	3.0
story:uplink/act-3	13	new	new	6	lost	stall	30	8	3	8	87	132	104	205	0	3.8
story:uplink/act-3	13	expert	expert	6	won		23	3	0	8	99	119	88	261	0	3.7
story:uplink/act-3	14	new	new	6	won		32	5	0	8	70	116	85	243	0	3.4
story:uplink/act-3	14	expert	expert	6	won		23	3	0	8	97	93	70	217	0	3.4
story:uplink/act-3	15	new	new	6	won		32	3	0	8	73	164	111	309	0	3.8
story:uplink/act-3	15	expert	expert	6	won		23	3	0	8	106	86	67	198	0	3.4
infestation-clearance/act-3	0	new	new	5	won	stall	37	3	1	8	43	117	89	363	0	2.9
infestation-clearance/act-3	0	expert	expert	5	won		17	1	0	8	41	28	21	174	0	1.9
infestation-clearance/act-3	1	new	new	6	won	stall	31	2	1	8	68	81	65	309	0	3.8
infestation-clearance/act-3	1	expert	expert	6	won		12	0	0	8	36	20	14	113	0	1.5
infestation-clearance/act-3	2	new	new	7	won	stall	34	2	1	8	59	81	60	324	0	3.3
infestation-clearance/act-3	2	expert	expert	7	won		21	1	0	8	49	54	39	232	0	2.5
infestation-clearance/act-3	3	new	new	8	won	stall	33	3	1	8	106	63	52	346	0	4.6
infestation-clearance/act-3	3	expert	expert	8	won		21	3	0	8	46	23	21	183	0	3.0
infestation-clearance/act-3	4	new	new	9	lost	cap	61	8	3	8	140	171	137	319	0	10.2
infestation-clearance/act-3	4	expert	expert	9	won	cap	61	7	3	8	123	165	126	500	0	10.1
infestation-clearance/act-3	5	new	new	5	lost	stall	55	8	3	8	92	201	163	280	0	6.1
infestation-clearance/act-3	5	expert	expert	5	won		16	1	0	8	54	37	26	173	0	1.5
infestation-clearance/act-3	6	new	new	6	won	stall	26	4	3	8	96	69	54	275	0	3.1
infestation-clearance/act-3	6	expert	expert	6	won		16	1	0	8	62	20	16	141	0	1.9
infestation-clearance/act-3	7	new	new	7	won	stall	34	4	2	8	59	90	66	302	0	3.2
infestation-clearance/act-3	7	expert	expert	7	won		20	1	0	8	48	49	32	220	0	2.0
infestation-clearance/act-3	8	new	new	8	won		11	0	0	8	28	11	8	205	0	2.2
infestation-clearance/act-3	8	expert	expert	8	won		16	0	0	8	57	42	33	168	0	2.7
infestation-clearance/act-3	9	new	new	9	lost	cap	61	8	3	8	150	190	160	384	0	11.0
infestation-clearance/act-3	9	expert	expert	9	won	stall	56	6	1	8	167	125	100	318	0	13.3
infestation-clearance/act-3	10	new	new	5	won	stall	32	2	1	8	42	58	50	277	0	2.4
infestation-clearance/act-3	10	expert	expert	5	won		18	1	0	8	53	26	15	153	0	1.7
infestation-clearance/act-3	11	new	new	6	won		23	2	0	8	52	90	68	335	0	2.8
infestation-clearance/act-3	11	expert	expert	6	won		17	0	0	8	45	28	23	194	0	1.8
infestation-clearance/act-3	12	new	new	7	lost	cap	61	8	3	8	135	206	164	370	0	8.5
infestation-clearance/act-3	12	expert	expert	7	lost	cap	61	6	2	8	116	202	173	392	0	8.2
infestation-clearance/act-3	13	new	new	8	lost	stall	26	8	3	8	74	93	75	279	0	3.6
infestation-clearance/act-3	13	expert	expert	8	won		29	1	0	8	95	56	43	295	0	5.5
infestation-clearance/act-3	14	new	new	9	won	stall	37	5	1	8	140	110	87	313	0	7.0
infestation-clearance/act-3	14	expert	expert	9	lost	cap	61	7	3	8	207	228	180	393	0	14.8
infestation-clearance/act-3	15	new	new	5	won		9	1	0	8	17	6	6	151	0	1.1
infestation-clearance/act-3	15	expert	expert	5	won		12	0	0	8	42	24	19	138	0	1.4
evacuation/act-3	0	new	new	5	won	stall	22	1	1	8	50	16	12	187	0	2.3
evacuation/act-3	0	expert	expert	5	won		9	0	0	8	30	4	3	90	0	1.2
evacuation/act-3	1	new	new	6	won	stall	26	5	2	8	69	73	56	286	0	2.5
evacuation/act-3	1	expert	expert	6	won		12	0	0	8	24	7	7	149	0	2.0
evacuation/act-3	2	new	new	7	lost	stall	28	8	3	8	60	100	80	385	0	2.9
evacuation/act-3	2	expert	expert	7	won		20	4	0	8	73	26	19	246	0	5.2
evacuation/act-3	3	new	new	8	lost	stall	25	8	3	8	112	105	71	368	0	4.2
evacuation/act-3	3	expert	expert	8	extracted		18	3	0	8	83	44	31	200	0	3.4
evacuation/act-3	4	new	new	9	lost	stall	31	8	3	8	105	120	94	401	0	4.7
evacuation/act-3	4	expert	expert	9	won		15	1	0	8	66	27	20	205	0	2.5
evacuation/act-3	5	new	new	5	won	stall	42	2	1	8	75	117	88	411	0	5.5
evacuation/act-3	5	expert	expert	5	won		12	1	0	8	36	6	6	167	0	4.7
evacuation/act-3	6	new	new	6	won		17	5	0	8	52	43	38	281	0	2.9
evacuation/act-3	6	expert	expert	6	won		15	1	0	8	51	18	14	192	0	3.2
evacuation/act-3	7	new	new	7	won		19	5	0	8	126	75	61	307	0	4.3
evacuation/act-3	7	expert	expert	7	won		12	2	0	8	68	15	10	156	0	2.2
evacuation/act-3	8	new	new	8	won	stall	27	5	3	8	76	104	81	321	0	3.3
evacuation/act-3	8	expert	expert	8	won		15	2	0	8	51	32	22	181	0	2.1
evacuation/act-3	9	new	new	9	lost	stall	27	8	3	8	123	91	74	246	0	5.2
evacuation/act-3	9	expert	expert	9	won		20	3	0	8	98	53	40	240	0	3.4
evacuation/act-3	10	new	new	5	won	stall	27	4	2	8	66	61	43	300	0	3.2
evacuation/act-3	10	expert	expert	5	won		14	0	0	8	41	14	11	170	0	3.0
evacuation/act-3	11	new	new	6	won	stall	26	6	1	8	118	94	65	343	0	4.9
evacuation/act-3	11	expert	expert	6	won		12	0	0	8	40	13	9	176	0	2.8
evacuation/act-3	12	new	new	7	won	stall	25	7	2	8	94	74	56	271	0	3.4
evacuation/act-3	12	expert	expert	7	won		15	1	0	8	70	19	13	147	0	2.2
evacuation/act-3	13	new	new	8	won	stall	26	5	3	8	69	107	82	313	0	3.4
evacuation/act-3	13	expert	expert	8	won		11	1	0	8	38	27	22	157	0	1.8
evacuation/act-3	14	new	new	9	lost	stall	29	8	3	8	151	84	67	311	0	5.3
evacuation/act-3	14	expert	expert	9	won		18	4	0	8	121	32	24	194	0	3.2
evacuation/act-3	15	new	new	5	won	stall	35	2	1	8	46	69	56	324	0	3.7
evacuation/act-3	15	expert	expert	5	won		14	2	0	8	40	16	12	160	0	1.7
tunnel-sabotage/act-3	0	new	new	5	won	stall	21	3	2	8	123	39	31	202	0	5.5
tunnel-sabotage/act-3	0	expert	expert	5	won		6	0	0	8	51	6	6	64	0	1.1
tunnel-sabotage/act-3	1	new	new	6	won	stall	20	2	1	8	121	31	21	142	0	5.4
tunnel-sabotage/act-3	1	expert	expert	6	won		15	0	0	8	110	57	43	167	0	3.0
tunnel-sabotage/act-3	2	new	new	7	won	stall	21	4	1	8	199	44	34	153	0	4.8
tunnel-sabotage/act-3	2	expert	expert	7	won		7	0	0	8	69	6	5	70	0	1.3
tunnel-sabotage/act-3	3	new	new	8	won	stall	19	2	1	8	155	31	29	150	0	7.4
tunnel-sabotage/act-3	3	expert	expert	8	won		7	0	0	8	86	11	8	83	0	2.3
tunnel-sabotage/act-3	4	new	new	9	lost	cap	61	8	3	8	473	225	184	384	0	31.3
tunnel-sabotage/act-3	4	expert	expert	9	won		8	0	0	8	145	4	4	77	0	2.4
tunnel-sabotage/act-3	5	new	new	5	lost	stall	19	8	3	8	156	83	65	227	0	5.0
tunnel-sabotage/act-3	5	expert	expert	5	won		6	0	0	8	71	8	8	62	0	1.2
tunnel-sabotage/act-3	6	new	new	6	won		7	1	0	8	52	10	8	113	0	2.2
tunnel-sabotage/act-3	6	expert	expert	6	won		6	2	0	8	47	2	2	52	0	1.1
tunnel-sabotage/act-3	7	new	new	7	won	stall	35	4	1	8	20	99	76	321	0	2.2
tunnel-sabotage/act-3	7	expert	expert	7	won		42	5	0	8	58	135	105	265	0	3.5
tunnel-sabotage/act-3	8	new	new	8	lost	cap	61	8	3	8	339	219	185	367	0	22.7
tunnel-sabotage/act-3	8	expert	expert	8	won		8	0	0	8	76	6	4	69	0	1.7
tunnel-sabotage/act-3	9	new	new	9	lost	cap	61	8	3	8	450	206	168	321	0	26.2
tunnel-sabotage/act-3	9	expert	expert	9	won		15	2	0	8	159	44	31	171	0	4.0
tunnel-sabotage/act-3	10	new	new	5	lost	stall	16	8	3	8	106	60	49	187	0	4.2
tunnel-sabotage/act-3	10	expert	expert	5	won		6	0	0	8	45	3	3	60	0	1.2
tunnel-sabotage/act-3	11	new	new	6	won		9	1	0	8	79	10	7	135	0	2.9
tunnel-sabotage/act-3	11	expert	expert	6	won		6	0	0	8	74	5	3	62	0	1.2
tunnel-sabotage/act-3	12	new	new	7	won	stall	23	3	1	8	144	54	38	185	0	5.7
tunnel-sabotage/act-3	12	expert	expert	7	won		6	0	0	8	33	1	1	58	0	1.1
tunnel-sabotage/act-3	13	new	new	8	won	stall	19	5	2	8	162	33	29	141	0	6.2
tunnel-sabotage/act-3	13	expert	expert	8	won		9	0	0	8	72	6	5	79	0	2.0
tunnel-sabotage/act-3	14	new	new	9	won	stall	23	7	3	8	188	76	59	208	0	6.0
tunnel-sabotage/act-3	14	expert	expert	9	won		8	0	0	8	85	9	7	78	0	1.5
tunnel-sabotage/act-3	15	new	new	5	won	stall	21	2	1	8	119	45	35	181	0	3.4
tunnel-sabotage/act-3	15	expert	expert	5	won		8	0	0	8	59	7	6	73	0	1.1
defend-installation/act-2	0	new	new	3	won		22	0	0	8	38	71	42	177	0	2.1
defend-installation/act-2	0	expert	expert	3	won		19	0	0	8	41	56	41	195	0	2.0
defend-installation/act-2	1	new	new	4	won		24	5	0	8	66	107	70	221	0	2.4
defend-installation/act-2	1	expert	expert	4	won		20	1	0	8	59	91	63	209	0	2.0
defend-installation/act-2	2	new	new	5	won		37	6	1	8	47	112	80	219	0	3.1
defend-installation/act-2	2	expert	expert	5	won		20	4	0	8	113	44	26	202	0	2.7
defend-installation/act-2	3	new	new	6	lost	stall	30	8	3	8	77	92	62	178	0	3.5
defend-installation/act-2	3	expert	expert	6	won		31	6	2	8	109	93	51	216	0	4.4
defend-installation/act-2	4	new	new	7	won		30	4	0	8	31	137	101	309	0	3.2
defend-installation/act-2	4	expert	expert	7	won		24	2	0	8	144	82	60	245	0	4.3
defend-installation/act-2	5	new	new	3	lost	stall	26	8	3	8	34	91	63	192	0	2.1
defend-installation/act-2	5	expert	expert	3	won		21	0	0	8	33	68	46	247	0	1.9
defend-installation/act-2	6	new	new	4	won		32	3	0	8	46	106	74	313	0	2.8
defend-installation/act-2	6	expert	expert	4	won		25	1	0	8	41	84	57	271	0	2.5
defend-installation/act-2	7	new	new	5	lost	stall	28	8	3	8	71	88	61	173	0	3.1
defend-installation/act-2	7	expert	expert	5	won		21	1	0	8	78	74	61	214	0	2.5
defend-installation/act-2	8	new	new	6	lost	stall	30	8	3	8	65	93	76	209	0	3.5
defend-installation/act-2	8	expert	expert	6	won	stall	36	4	1	8	91	82	61	218	0	4.9
defend-installation/act-2	9	new	new	7	won	stall	34	7	2	8	44	105	75	211	0	2.9
defend-installation/act-2	9	expert	expert	7	won		24	2	0	8	81	97	70	279	0	3.0
defend-installation/act-2	10	new	new	3	won		26	5	0	8	40	92	63	216	0	2.2
defend-installation/act-2	10	expert	expert	3	won		21	0	0	8	43	75	57	225	0	2.5
defend-installation/act-2	11	new	new	4	won		25	3	0	8	74	122	87	250	0	2.5
defend-installation/act-2	11	expert	expert	4	won		22	5	0	8	75	84	56	215	0	2.6
defend-installation/act-2	12	new	new	5	won		28	1	0	8	104	118	90	289	0	3.9
defend-installation/act-2	12	expert	expert	5	won		22	0	0	8	132	69	53	240	0	4.0
defend-installation/act-2	13	new	new	6	won		32	5	0	8	88	106	77	221	0	4.0
defend-installation/act-2	13	expert	expert	6	won		23	2	0	8	79	90	68	224	0	3.2
defend-installation/act-2	14	new	new	7	won		31	6	1	8	73	111	78	275	0	3.8
defend-installation/act-2	14	expert	expert	7	won		27	1	0	8	81	105	69	290	0	3.4
defend-installation/act-2	15	new	new	3	won		24	3	0	8	29	97	73	246	0	2.2
defend-installation/act-2	15	expert	expert	3	won		20	1	0	8	43	80	55	232	0	2.2
defend-installation/act-1	0	new	new	1	won		20	1	0	8	7	21	18	131	0	0.7
defend-installation/act-1	0	expert	expert	1	won		20	0	0	8	4	23	16	171	0	0.6
defend-installation/act-1	1	new	new	2	won		22	0	0	8	7	50	38	166	0	0.8
defend-installation/act-1	1	expert	expert	2	won		22	0	0	8	14	74	46	267	0	0.9
defend-installation/act-1	2	new	new	3	won		27	0	0	8	23	62	41	337	0	1.8
defend-installation/act-1	2	expert	expert	3	won		23	0	0	8	17	55	42	248	0	1.5
defend-installation/act-1	3	new	new	4	won		30	1	0	8	62	130	101	313	0	3.6
defend-installation/act-1	3	expert	expert	4	won		22	1	0	8	97	83	52	229	0	3.2
defend-installation/act-1	4	new	new	1	won		21	0	0	8	5	25	21	148	0	0.7
defend-installation/act-1	4	expert	expert	1	won		19	0	0	8	11	45	25	199	0	0.8
defend-installation/act-1	5	new	new	2	won		21	1	0	8	12	69	50	195	0	0.7
defend-installation/act-1	5	expert	expert	2	won		20	0	0	8	14	76	51	222	0	0.8
defend-installation/act-1	6	new	new	3	won		22	3	0	8	45	77	56	210	0	1.8
defend-installation/act-1	6	expert	expert	3	won		21	2	0	8	54	62	41	213	0	1.9
defend-installation/act-1	7	new	new	4	won		40	2	0	8	29	110	60	256	0	2.8
defend-installation/act-1	7	expert	expert	4	won		23	0	0	8	79	66	51	255	0	3.2
defend-installation/act-1	8	new	new	1	won		18	1	0	8	12	34	23	122	0	0.6
defend-installation/act-1	8	expert	expert	1	won		17	0	0	8	15	42	26	181	0	0.7
defend-installation/act-1	9	new	new	2	won		24	0	0	8	19	81	50	225	0	0.9
defend-installation/act-1	9	expert	expert	2	won		23	0	0	8	23	68	46	264	0	1.0
defend-installation/act-1	10	new	new	3	won		31	4	0	8	33	88	58	255	0	2.4
defend-installation/act-1	10	expert	expert	3	won		24	2	0	8	73	50	39	207	0	2.5
defend-installation/act-1	11	new	new	4	won		28	3	0	8	75	99	64	227	0	3.2
defend-installation/act-1	11	expert	expert	4	won		22	2	0	8	75	92	62	223	0	2.9
defend-installation/act-1	12	new	new	1	won		20	0	0	8	12	26	16	132	0	0.9
defend-installation/act-1	12	expert	expert	1	won		19	0	0	8	23	59	47	200	0	0.9
defend-installation/act-1	13	new	new	2	won		23	0	0	8	25	79	62	192	0	1.0
defend-installation/act-1	13	expert	expert	2	won		20	0	0	8	18	63	43	219	0	0.7
defend-installation/act-1	14	new	new	3	won		23	1	0	8	54	68	45	198	0	2.2
defend-installation/act-1	14	expert	expert	3	won		20	0	0	8	61	73	53	237	0	1.9
defend-installation/act-1	15	new	new	4	won	stall	40	5	0	8	26	138	86	237	0	3.2
defend-installation/act-1	15	expert	expert	4	won		22	1	0	8	81	59	33	226	0	3.0
evacuation/act-2	0	new	new	3	won		16	0	0	8	38	24	20	282	0	2.9
evacuation/act-2	0	expert	expert	3	won		11	0	0	8	28	0	0	137	0	6.3
evacuation/act-2	1	new	new	4	won		13	0	0	8	42	4	4	225	0	1.6
evacuation/act-2	1	expert	expert	4	won		12	0	0	8	56	0	0	127	0	2.0
evacuation/act-2	2	new	new	5	lost	stall	26	8	3	8	75	105	64	375	0	3.4
evacuation/act-2	2	expert	expert	5	won	stall	29	3	2	8	82	44	33	218	0	3.3
evacuation/act-2	3	new	new	6	won	stall	25	1	1	8	45	31	22	241	0	2.1
evacuation/act-2	3	expert	expert	6	won		10	1	0	8	38	3	2	108	0	1.2
evacuation/act-2	4	new	new	7	lost	stall	35	8	3	8	124	102	82	355	0	5.8
evacuation/act-2	4	expert	expert	7	won		24	5	1	8	117	47	38	227	0	4.2
evacuation/act-2	5	new	new	3	won		30	6	1	8	64	105	70	320	0	3.1
evacuation/act-2	5	expert	expert	3	won		12	1	0	8	21	7	4	148	0	3.0
evacuation/act-2	6	new	new	4	won		19	1	1	8	71	20	14	251	0	4.2
evacuation/act-2	6	expert	expert	4	won		14	1	0	8	64	22	14	176	0	2.0
evacuation/act-2	7	new	new	5	won		12	0	0	8	34	9	7	195	0	1.4
evacuation/act-2	7	expert	expert	5	won		11	0	0	8	28	0	0	93	0	1.3
evacuation/act-2	8	new	new	6	lost	cap	61	8	3	8	145	212	150	425	0	10.4
evacuation/act-2	8	expert	expert	6	won		18	1	0	8	64	32	24	214	0	2.4
evacuation/act-2	9	new	new	7	lost	stall	25	8	3	8	125	93	70	293	0	4.1
evacuation/act-2	9	expert	expert	7	won		16	3	0	8	79	45	30	207	0	2.9
evacuation/act-2	10	new	new	3	lost	stall	22	8	3	8	53	80	52	377	0	3.5
evacuation/act-2	10	expert	expert	3	won		17	4	0	8	51	40	22	193	0	2.0
evacuation/act-2	11	new	new	4	won		21	5	0	8	50	74	51	362	0	4.3
evacuation/act-2	11	expert	expert	4	won		18	1	0	8	46	35	26	204	0	2.0
evacuation/act-2	12	new	new	5	won		18	2	0	8	81	37	29	249	0	2.6
evacuation/act-2	12	expert	expert	5	won		12	1	0	8	39	8	5	132	0	1.5
evacuation/act-2	13	new	new	6	won		27	5	1	8	81	80	58	326	0	3.7
evacuation/act-2	13	expert	expert	6	won		25	3	1	8	108	28	21	186	0	4.3
evacuation/act-2	14	new	new	7	won		36	7	2	8	155	105	68	410	0	6.6
evacuation/act-2	14	expert	expert	7	won		20	3	0	8	91	42	33	256	0	4.1
evacuation/act-2	15	new	new	3	won		12	1	0	8	25	17	8	237	0	1.9
evacuation/act-2	15	expert	expert	3	won		12	0	0	8	37	16	12	141	0	1.7
infestation-clearance/act-2	0	new	new	3	won		6	0	0	8	3	0	0	94	0	0.4
infestation-clearance/act-2	0	expert	expert	3	won		8	0	0	8	8	8	7	74	0	0.4
infestation-clearance/act-2	1	new	new	4	won		7	0	0	8	7	0	0	121	0	0.8
infestation-clearance/act-2	1	expert	expert	4	won		6	0	0	8	4	4	3	54	0	0.6
infestation-clearance/act-2	2	new	new	5	won		15	4	0	8	37	52	43	222	0	2.3
infestation-clearance/act-2	2	expert	expert	5	won		9	0	0	8	22	7	5	84	0	1.0
infestation-clearance/act-2	3	new	new	6	won		20	4	0	8	37	62	47	301	0	2.1
infestation-clearance/act-2	3	expert	expert	6	won		27	2	1	8	43	50	31	215	0	2.5
infestation-clearance/act-2	4	new	new	7	lost		46	8	3	8	111	151	114	349	0	6.2
infestation-clearance/act-2	4	expert	expert	7	won		16	1	0	8	66	32	27	158	0	1.7
infestation-clearance/act-2	5	new	new	3	won		6	0	0	8	3	0	0	102	0	0.4
infestation-clearance/act-2	5	expert	expert	3	won		8	1	0	8	13	10	9	80	0	0.5
infestation-clearance/act-2	6	new	new	4	won	stall	24	2	1	8	61	25	19	211	0	2.6
infestation-clearance/act-2	6	expert	expert	4	won		9	0	0	8	31	0	0	84	0	1.1
infestation-clearance/act-2	7	new	new	5	lost		49	8	3	8	85	163	108	327	0	5.7
infestation-clearance/act-2	7	expert	expert	5	won		31	1	1	8	85	72	51	250	0	4.1
infestation-clearance/act-2	8	new	new	6	won		20	0	0	8	54	20	17	217	0	1.9
infestation-clearance/act-2	8	expert	expert	6	won		12	1	0	8	20	16	13	99	0	0.9
infestation-clearance/act-2	9	new	new	7	lost		33	8	3	8	137	122	77	266	0	5.2
infestation-clearance/act-2	9	expert	expert	7	won		33	2	1	8	105	141	97	397	0	5.1
infestation-clearance/act-2	10	new	new	3	won		6	0	0	8	4	0	0	89	0	0.3
infestation-clearance/act-2	10	expert	expert	3	won		6	0	0	8	2	6	3	59	0	0.3
infestation-clearance/act-2	11	new	new	4	won		10	0	0	8	18	9	6	158	0	1.0
infestation-clearance/act-2	11	expert	expert	4	won		8	0	0	8	10	5	3	78	0	0.8
infestation-clearance/act-2	12	new	new	5	won	stall	23	1	1	8	64	20	19	154	0	1.8
infestation-clearance/act-2	12	expert	expert	5	won		10	0	0	8	36	11	11	102	0	0.8
infestation-clearance/act-2	13	new	new	6	won	stall	27	6	2	8	79	60	44	252	0	3.0
infestation-clearance/act-2	13	expert	expert	6	won		25	3	1	8	73	35	22	164	0	2.8
infestation-clearance/act-2	14	new	new	7	lost		32	8	3	8	112	108	74	240	0	4.5
infestation-clearance/act-2	14	expert	expert	7	won		34	5	2	8	112	80	54	247	0	5.0
infestation-clearance/act-2	15	new	new	3	won		7	0	0	8	6	2	2	98	0	0.4
infestation-clearance/act-2	15	expert	expert	3	won		5	0	0	8	2	2	2	46	0	0.3
infestation-clearance/act-1	0	new	new	1	won	stall	33	1	1	8	20	52	36	215	0	1.4
infestation-clearance/act-1	0	expert	expert	1	won		12	0	0	8	9	13	8	83	0	0.5
infestation-clearance/act-1	1	new	new	2	won		12	2	0	8	10	27	22	161	0	0.8
infestation-clearance/act-1	1	expert	expert	2	won		11	0	0	8	10	17	11	105	0	0.5
infestation-clearance/act-1	2	new	new	3	won		8	0	0	8	13	6	4	101	0	0.5
infestation-clearance/act-1	2	expert	expert	3	won		5	0	0	8	2	1	1	47	0	0.3
infestation-clearance/act-1	3	new	new	4	won		7	0	0	8	9	0	0	91	0	0.6
infestation-clearance/act-1	3	expert	expert	4	won		6	0	0	8	4	1	1	49	0	0.5
infestation-clearance/act-1	4	new	new	1	won		8	0	0	8	6	6	3	110	0	0.4
infestation-clearance/act-1	4	expert	expert	1	won		7	0	0	8	4	1	1	60	0	0.3
infestation-clearance/act-1	5	new	new	2	won	stall	23	2	2	8	19	40	28	148	0	0.7
infestation-clearance/act-1	5	expert	expert	2	won		10	0	0	8	3	15	10	93	0	0.3
infestation-clearance/act-1	6	new	new	3	won	stall	26	3	1	8	47	49	36	198	0	1.6
infestation-clearance/act-1	6	expert	expert	3	won		12	0	0	8	22	24	19	120	0	0.7
infestation-clearance/act-1	7	new	new	4	won	stall	29	3	1	8	84	43	33	245	0	3.1
infestation-clearance/act-1	7	expert	expert	4	won		12	0	0	8	57	3	1	104	0	1.2
infestation-clearance/act-1	8	new	new	1	won		8	0	0	8	3	7	3	94	0	0.3
infestation-clearance/act-1	8	expert	expert	1	won		8	0	0	8	6	1	1	61	0	0.3
infestation-clearance/act-1	9	new	new	2	won		8	0	0	8	4	4	3	101	0	0.4
infestation-clearance/act-1	9	expert	expert	2	won		10	0	0	8	7	24	15	107	0	0.5
infestation-clearance/act-1	10	new	new	3	won		22	3	1	8	29	60	42	164	0	1.1
infestation-clearance/act-1	10	expert	expert	3	won		14	0	0	8	47	47	30	165	0	1.0
infestation-clearance/act-1	11	new	new	4	won		16	0	0	8	36	48	36	218	0	1.4
infestation-clearance/act-1	11	expert	expert	4	won		13	1	0	8	46	34	22	152	0	1.3
infestation-clearance/act-1	12	new	new	1	won	stall	21	3	0	8	18	44	32	189	0	1.2
infestation-clearance/act-1	12	expert	expert	1	won		11	0	0	8	3	1	1	78	0	0.4
infestation-clearance/act-1	13	new	new	2	won		24	2	0	8	37	49	32	198	0	1.6
infestation-clearance/act-1	13	expert	expert	2	won		11	0	0	8	13	4	3	73	0	0.4
infestation-clearance/act-1	14	new	new	3	won	stall	20	2	2	8	34	30	21	126	0	0.9
infestation-clearance/act-1	14	expert	expert	3	won	stall	24	2	2	8	41	51	34	167	0	1.3
infestation-clearance/act-1	15	new	new	4	won	stall	29	3	2	8	66	43	34	242	0	2.7
infestation-clearance/act-1	15	expert	expert	4	won	stall	27	2	1	8	90	20	18	142	0	3.0
crash-site/act-1	0	new	new	1	won		6	0	0	8	3	0	0	81	0	0.3
crash-site/act-1	0	expert	expert	1	won		3	0	0	8	1	2	2	28	0	0.2
crash-site/act-1	1	new	new	2	won		12	0	0	8	6	10	7	115	0	0.3
crash-site/act-1	1	expert	expert	2	won		10	0	0	8	10	9	7	50	0	0.3
crash-site/act-1	2	new	new	3	won		12	0	0	8	11	11	8	116	0	0.4
crash-site/act-1	2	expert	expert	3	won		5	0	0	8	2	4	3	44	0	0.2
crash-site/act-1	3	new	new	4	won	stall	21	1	1	8	7	14	9	142	0	0.8
crash-site/act-1	3	expert	expert	4	won		8	0	0	8	17	4	2	75	0	0.6
crash-site/act-1	4	new	new	1	won		13	1	0	8	7	22	14	152	0	0.4
crash-site/act-1	4	expert	expert	1	won		5	0	0	8	1	2	2	42	0	0.2
crash-site/act-1	5	new	new	2	won		8	0	0	8	12	9	6	120	0	0.4
crash-site/act-1	5	expert	expert	2	won		7	0	0	8	9	4	3	51	0	0.3
crash-site/act-1	6	new	new	3	won		8	0	0	8	14	2	1	88	0	0.3
crash-site/act-1	6	expert	expert	3	won		10	0	0	8	12	11	6	70	0	0.3
crash-site/act-1	7	new	new	4	won		16	1	0	8	48	22	16	221	0	1.3
crash-site/act-1	7	expert	expert	4	won		11	1	0	8	37	6	5	90	0	0.9
crash-site/act-1	8	new	new	1	won		8	0	0	8	2	1	1	105	0	0.3
crash-site/act-1	8	expert	expert	1	won		3	0	0	8	1	3	2	27	0	0.2
crash-site/act-1	9	new	new	2	won		9	0	0	8	6	4	2	107	0	0.3
crash-site/act-1	9	expert	expert	2	won		7	0	0	8	11	7	4	63	0	0.3
crash-site/act-1	10	new	new	3	won		11	0	0	8	6	13	10	90	0	0.4
crash-site/act-1	10	expert	expert	3	won		4	0	0	8	1	3	3	31	0	0.2
crash-site/act-1	11	new	new	4	won		16	0	0	8	5	20	14	167	0	0.8
crash-site/act-1	11	expert	expert	4	won		11	0	0	8	17	10	5	93	0	0.6
crash-site/act-1	12	new	new	1	won		17	0	0	8	5	10	8	221	0	0.5
crash-site/act-1	12	expert	expert	1	won		11	0	0	8	9	9	8	95	0	0.3
crash-site/act-1	13	new	new	2	won		13	0	0	8	10	9	6	105	0	0.4
crash-site/act-1	13	expert	expert	2	won		5	0	0	8	1	3	3	42	0	0.2
crash-site/act-1	14	new	new	3	won		14	0	0	8	11	11	8	129	0	0.5
crash-site/act-1	14	expert	expert	3	won		9	0	0	8	8	12	5	74	0	0.3
crash-site/act-1	15	new	new	4	won		10	0	0	8	18	0	0	131	0	0.7
crash-site/act-1	15	expert	expert	4	won		8	0	0	8	19	6	5	67	0	0.5
crash-site/act-2	0	new	new	3	won		12	0	0	8	5	15	10	119	0	0.5
crash-site/act-2	0	expert	expert	3	won		5	0	0	8	2	2	2	43	0	0.3
crash-site/act-2	1	new	new	4	won		13	0	0	8	13	5	4	174	0	1.0
crash-site/act-2	1	expert	expert	4	won		9	0	0	8	27	3	2	71	0	0.6
crash-site/act-2	2	new	new	5	won		18	0	0	8	5	16	9	148	0	0.9
crash-site/act-2	2	expert	expert	5	won	stall	19	1	1	8	21	18	12	69	0	0.8
crash-site/act-2	3	new	new	6	won		18	0	0	8	9	26	18	192	0	1.1
crash-site/act-2	3	expert	expert	6	won		8	0	0	8	10	3	3	72	0	0.6
crash-site/act-2	4	new	new	7	extracted		12	3	0	8	26	29	25	193	0	0.8
crash-site/act-2	4	expert	expert	7	extracted		11	1	0	8	29	3	1	88	0	0.7
crash-site/act-2	5	new	new	3	won		16	0	0	8	4	16	8	149	0	0.5
crash-site/act-2	5	expert	expert	3	won		7	0	0	8	3	6	4	59	0	0.3
crash-site/act-2	6	new	new	4	won		14	0	0	8	18	8	6	186	0	1.0
crash-site/act-2	6	expert	expert	4	won		10	0	0	8	23	0	0	85	0	0.9
crash-site/act-2	7	new	new	5	won		8	0	0	8	9	0	0	137	0	0.6
crash-site/act-2	7	expert	expert	5	won		5	0	0	8	3	3	3	43	0	0.4
crash-site/act-2	8	new	new	6	won		7	0	0	8	7	0	0	110	0	0.5
crash-site/act-2	8	expert	expert	6	won		5	0	0	8	3	0	0	55	0	0.4
crash-site/act-2	9	new	new	7	won		11	0	0	8	20	5	4	125	0	0.8
crash-site/act-2	9	expert	expert	7	won		6	0	0	8	4	5	5	48	0	0.5
crash-site/act-2	10	new	new	3	won	stall	16	1	1	8	7	10	7	100	0	0.4
crash-site/act-2	10	expert	expert	3	won		4	0	0	8	1	3	2	31	0	0.2
crash-site/act-2	11	new	new	4	won		13	0	0	8	14	22	15	160	0	0.9
crash-site/act-2	11	expert	expert	4	won		8	0	0	8	15	0	0	70	0	0.5
crash-site/act-2	12	new	new	5	won		15	0	0	8	32	12	8	193	0	1.1
crash-site/act-2	12	expert	expert	5	won		9	0	0	8	15	3	3	75	0	0.6
crash-site/act-2	13	new	new	6	won		13	0	0	8	15	3	3	161	0	1.0
crash-site/act-2	13	expert	expert	6	won		8	0	0	8	18	3	2	66	0	0.7
crash-site/act-2	14	new	new	7	extracted		20	2	0	8	5	46	36	212	0	0.9
crash-site/act-2	14	expert	expert	7	won	stall	21	1	1	8	5	21	12	109	0	0.7
crash-site/act-2	15	new	new	3	won		7	0	0	8	6	2	2	93	0	0.3
crash-site/act-2	15	expert	expert	3	won		7	0	0	8	8	10	10	58	0	0.3
crash-site/act-3	0	new	new	5	won		10	0	0	8	17	3	3	131	0	0.8
crash-site/act-3	0	expert	expert	5	won		8	0	0	8	17	5	1	74	0	0.6
crash-site/act-3	1	new	new	6	won		16	0	0	8	7	14	11	189	0	1.0
crash-site/act-3	1	expert	expert	6	won		10	1	0	8	19	3	3	87	0	0.8
crash-site/act-3	2	new	new	7	won		15	0	0	8	8	8	7	153	0	0.7
crash-site/act-3	2	expert	expert	7	won		4	0	0	8	2	2	2	33	0	0.4
crash-site/act-3	3	new	new	8	won		14	0	0	8	6	12	12	168	0	0.7
crash-site/act-3	3	expert	expert	8	won		6	0	0	8	4	2	2	47	0	0.3
crash-site/act-3	4	new	new	9	extracted		18	0	0	8	3	31	25	232	0	0.8
crash-site/act-3	4	expert	expert	9	extracted		10	1	0	8	16	7	5	88	0	0.7
crash-site/act-3	5	new	new	5	won		8	0	0	8	9	0	0	139	0	0.8
crash-site/act-3	5	expert	expert	5	won		7	0	0	8	16	5	5	61	0	0.6
crash-site/act-3	6	new	new	6	won		15	1	0	8	12	17	13	163	0	0.9
crash-site/act-3	6	expert	expert	6	won		9	0	0	8	9	0	0	70	0	0.6
crash-site/act-3	7	new	new	7	won		6	0	0	8	6	0	0	107	0	0.6
crash-site/act-3	7	expert	expert	7	won		7	0	0	8	12	8	6	66	0	0.6
crash-site/act-3	8	new	new	8	extracted		19	3	0	8	12	48	34	212	0	1.0
crash-site/act-3	8	expert	expert	8	extracted		11	1	0	8	31	6	4	92	0	0.8
crash-site/act-3	9	new	new	9	extracted		20	0	0	8	14	24	16	189	0	0.9
crash-site/act-3	9	expert	expert	9	won		11	0	0	8	28	1	1	91	0	0.8
crash-site/act-3	10	new	new	5	won		7	0	0	8	6	0	0	122	0	0.6
crash-site/act-3	10	expert	expert	5	won		7	0	0	8	12	5	3	70	0	0.6
crash-site/act-3	11	new	new	6	won		15	0	0	8	9	9	7	140	0	0.8
crash-site/act-3	11	expert	expert	6	won		7	0	0	8	9	6	3	61	0	0.5
crash-site/act-3	12	new	new	7	won		9	0	0	8	17	0	0	138	0	0.7
crash-site/act-3	12	expert	expert	7	won		7	0	0	8	6	9	6	59	0	0.5
crash-site/act-3	13	new	new	8	extracted		15	0	0	8	16	24	18	184	0	1.1
crash-site/act-3	13	expert	expert	8	won		7	0	0	8	16	3	3	56	0	0.7
crash-site/act-3	14	new	new	9	extracted		15	3	0	8	10	50	45	226	0	0.9
crash-site/act-3	14	expert	expert	9	won		10	0	0	8	35	5	5	79	0	0.9
crash-site/act-3	15	new	new	5	won		7	0	0	8	8	0	0	110	0	0.7
crash-site/act-3	15	expert	expert	5	won		5	0	0	8	3	2	2	42	0	0.5
evacuation/act-1	0	new	new	1	won	stall	24	1	1	8	15	32	24	175	0	1.2
evacuation/act-1	0	expert	expert	1	won		9	0	0	8	7	0	0	85	0	0.8
evacuation/act-1	1	new	new	2	won		13	0	0	8	8	16	12	161	0	1.0
evacuation/act-1	1	expert	expert	2	won		13	1	0	8	19	20	14	137	0	1.2
evacuation/act-1	2	new	new	3	won	stall	32	3	1	8	49	84	62	333	0	4.6
evacuation/act-1	2	expert	expert	3	won		17	1	0	8	55	22	19	188	0	2.8
evacuation/act-1	3	new	new	4	lost	stall	27	8	3	8	50	108	89	330	0	2.6
evacuation/act-1	3	expert	expert	4	won		23	4	0	8	79	28	20	189	0	2.8
evacuation/act-1	4	new	new	1	won		15	2	0	8	9	16	12	178	0	1.0
evacuation/act-1	4	expert	expert	1	won		11	0	0	8	8	5	3	120	0	1.3
evacuation/act-1	5	new	new	2	won		14	0	0	8	8	24	20	218	0	0.7
evacuation/act-1	5	expert	expert	2	won		10	1	0	8	12	3	3	91	0	0.6
evacuation/act-1	6	new	new	3	lost	stall	31	8	3	8	61	121	75	356	0	4.7
evacuation/act-1	6	expert	expert	3	won		18	2	0	8	57	32	22	183	0	2.0
evacuation/act-1	7	new	new	4	won	stall	27	2	2	8	74	55	38	245	0	3.3
evacuation/act-1	7	expert	expert	4	won		17	2	0	8	70	6	5	135	0	2.1
evacuation/act-1	8	new	new	1	won		15	0	0	8	19	14	12	249	0	1.1
evacuation/act-1	8	expert	expert	1	won		19	1	1	8	19	12	9	118	0	1.3
evacuation/act-1	9	new	new	2	won		13	3	0	8	17	36	20	173	0	0.8
evacuation/act-1	9	expert	expert	2	won		19	1	0	8	35	6	4	104	0	1.4
evacuation/act-1	10	new	new	3	won		29	4	0	8	38	88	60	342	0	3.5
evacuation/act-1	10	expert	expert	3	won		23	2	0	8	59	46	28	241	0	2.6
evacuation/act-1	11	new	new	4	won		16	5	0	8	47	44	30	224	0	1.7
evacuation/act-1	11	expert	expert	4	won		12	3	0	8	16	17	14	131	0	1.1
evacuation/act-1	12	new	new	1	won		10	0	0	8	5	7	5	135	0	0.6
evacuation/act-1	12	expert	expert	1	won		7	0	0	8	5	0	0	81	0	0.9
evacuation/act-1	13	new	new	2	won	stall	30	1	1	8	32	44	33	243	0	1.9
evacuation/act-1	13	expert	expert	2	won		12	0	0	8	18	13	7	141	0	0.8
evacuation/act-1	14	new	new	3	won	stall	36	4	3	8	72	104	73	382	0	5.1
evacuation/act-1	14	expert	expert	3	won		19	3	0	8	79	31	22	207	0	2.5
evacuation/act-1	15	new	new	4	won		35	5	1	8	82	90	74	371	0	4.6
evacuation/act-1	15	expert	expert	4	won		19	3	0	8	68	20	13	174	0	2.6
tunnel-sabotage/act-2	0	new	new	3	won	stall	18	5	2	8	28	32	21	136	0	1.2
tunnel-sabotage/act-2	0	expert	expert	3	won		6	1	0	8	5	4	4	64	0	0.4
tunnel-sabotage/act-2	1	new	new	4	won		8	0	0	8	29	1	1	150	0	3.2
tunnel-sabotage/act-2	1	expert	expert	4	won		9	0	0	8	44	13	10	101	0	1.5
tunnel-sabotage/act-2	2	new	new	5	lost	stall	31	8	3	8	70	107	76	302	0	3.8
tunnel-sabotage/act-2	2	expert	expert	5	won		14	0	0	8	39	25	18	152	0	1.7
tunnel-sabotage/act-2	3	new	new	6	won	stall	42	6	1	8	119	136	95	371	0	6.1
tunnel-sabotage/act-2	3	expert	expert	6	won		10	1	0	8	27	13	7	96	0	1.2
tunnel-sabotage/act-2	4	new	new	7	lost	stall	33	8	3	8	130	133	87	343	0	6.1
tunnel-sabotage/act-2	4	expert	expert	7	won		17	3	0	8	81	51	32	176	0	2.2
tunnel-sabotage/act-2	5	new	new	3	won	stall	28	4	1	8	32	69	47	199	0	1.6
tunnel-sabotage/act-2	5	expert	expert	3	won		11	0	0	8	26	6	6	70	0	0.6
tunnel-sabotage/act-2	6	new	new	4	won	stall	21	3	1	8	52	49	38	175	0	3.1
tunnel-sabotage/act-2	6	expert	expert	4	won		6	0	0	8	6	7	6	62	0	0.7
tunnel-sabotage/act-2	7	new	new	5	won		18	4	0	8	42	58	42	229	0	2.3
tunnel-sabotage/act-2	7	expert	expert	5	won		16	1	0	8	44	24	17	151	0	1.8
tunnel-sabotage/act-2	8	new	new	6	won		10	1	0	8	16	5	5	126	0	2.8
tunnel-sabotage/act-2	8	expert	expert	6	won		6	0	0	8	8	2	1	64	0	0.8
tunnel-sabotage/act-2	9	new	new	7	won		12	2	0	8	32	31	23	161	0	1.8
tunnel-sabotage/act-2	9	expert	expert	7	won		8	0	0	8	29	11	7	81	0	1.0
tunnel-sabotage/act-2	10	new	new	3	won		9	2	0	8	25	18	15	110	0	1.1
tunnel-sabotage/act-2	10	expert	expert	3	won		5	0	0	8	10	10	3	62	0	0.5
tunnel-sabotage/act-2	11	new	new	4	won		10	2	0	8	31	20	12	147	0	2.4
tunnel-sabotage/act-2	11	expert	expert	4	won		8	0	0	8	24	7	5	81	0	1.1
tunnel-sabotage/act-2	12	new	new	5	won	stall	24	3	2	8	55	74	48	240	0	3.3
tunnel-sabotage/act-2	12	expert	expert	5	won		11	0	0	8	36	24	19	126	0	1.5
tunnel-sabotage/act-2	13	new	new	6	won		11	2	0	8	30	18	13	139	0	2.8
tunnel-sabotage/act-2	13	expert	expert	6	won		6	0	0	8	6	2	2	58	0	0.7
tunnel-sabotage/act-2	14	new	new	7	lost		47	8	3	8	87	131	89	353	0	5.5
tunnel-sabotage/act-2	14	expert	expert	7	extracted		49	6	3	8	72	157	107	330	0	5.0
tunnel-sabotage/act-2	15	new	new	3	won	stall	31	5	2	8	20	81	55	258	0	1.4
tunnel-sabotage/act-2	15	expert	expert	3	won	stall	19	1	1	8	25	16	15	89	0	0.9
wreck-recovery/act-2	0	new	new	3	won	stall	16	1	1	8	145	11	10	77	0	2.5
wreck-recovery/act-2	0	expert	expert	3	won		6	0	0	8	23	7	3	64	0	0.4
wreck-recovery/act-2	1	new	new	4	lost	stall	17	3	2	8	155	32	25	95	0	2.8
wreck-recovery/act-2	1	expert	expert	4	won		14	1	1	8	108	11	7	69	0	1.9
wreck-recovery/act-2	2	new	new	5	won		4	0	0	8	13	0	0	54	0	0.6
wreck-recovery/act-2	2	expert	expert	5	won		6	0	0	8	31	1	1	65	0	1.1
wreck-recovery/act-2	3	new	new	6	lost	stall	15	8	3	8	427	55	43	195	0	6.0
wreck-recovery/act-2	3	expert	expert	6	won		17	4	1	8	367	19	16	87	0	6.6
wreck-recovery/act-2	4	new	new	7	lost	stall	19	7	3	8	426	78	59	194	0	8.3
wreck-recovery/act-2	4	expert	expert	7	won	stall	20	3	2	8	447	21	18	95	0	9.0
wreck-recovery/act-2	5	new	new	3	won		3	0	0	8	4	0	0	50	0	0.3
wreck-recovery/act-2	5	expert	expert	3	won		7	0	0	8	43	3	2	65	0	0.6
wreck-recovery/act-2	6	new	new	4	won	stall	17	1	1	8	90	15	12	76	0	2.0
wreck-recovery/act-2	6	expert	expert	4	won		6	0	0	8	30	1	1	65	0	0.5
wreck-recovery/act-2	7	new	new	5	won	stall	17	3	3	8	271	35	26	125	0	4.5
wreck-recovery/act-2	7	expert	expert	5	won		7	0	0	8	59	0	0	67	0	1.6
wreck-recovery/act-2	8	new	new	6	won	stall	19	3	2	8	249	37	26	123	0	6.0
wreck-recovery/act-2	8	expert	expert	6	won	stall	19	1	1	8	268	14	12	85	0	7.2
wreck-recovery/act-2	9	new	new	7	won		6	0	0	8	43	1	1	78	0	0.9
wreck-recovery/act-2	9	expert	expert	7	won		6	0	0	8	50	0	0	61	0	1.0
wreck-recovery/act-2	10	new	new	3	won		13	1	1	8	67	11	11	81	0	1.7
wreck-recovery/act-2	10	expert	expert	3	won		6	1	0	8	62	5	3	64	0	0.7
wreck-recovery/act-2	11	new	new	4	won		5	0	0	8	20	0	0	69	0	0.4
wreck-recovery/act-2	11	expert	expert	4	won		5	0	0	8	17	0	0	50	0	0.4
wreck-recovery/act-2	12	new	new	5	lost	stall	18	5	3	8	306	42	33	137	0	5.2
wreck-recovery/act-2	12	expert	expert	5	won		11	1	0	8	182	22	16	100	0	3.0
wreck-recovery/act-2	13	new	new	6	lost	stall	14	8	3	8	101	65	47	143	0	2.3
wreck-recovery/act-2	13	expert	expert	6	lost	stall	14	8	3	8	219	45	38	127	0	3.9
wreck-recovery/act-2	14	new	new	7	won		5	0	0	8	32	0	0	64	0	0.8
wreck-recovery/act-2	14	expert	expert	7	won		6	0	0	8	42	3	2	67	0	1.1
wreck-recovery/act-2	15	new	new	3	won	stall	17	2	2	8	109	22	16	113	0	2.3
wreck-recovery/act-2	15	expert	expert	3	won		6	0	0	8	24	0	0	64	0	0.5
wreck-recovery/act-3	0	new	new	5	won	stall	16	2	2	8	109	20	16	107	0	3.4
wreck-recovery/act-3	0	expert	expert	5	won		6	0	0	8	36	0	0	61	0	1.0
wreck-recovery/act-3	1	new	new	6	won		5	0	0	8	27	0	0	71	0	0.9
wreck-recovery/act-3	1	expert	expert	6	won		6	0	0	8	38	0	0	66	0	1.1
wreck-recovery/act-3	2	new	new	7	won	stall	15	1	1	8	301	10	9	67	0	4.5
wreck-recovery/act-3	2	expert	expert	7	won		6	0	0	8	148	2	1	64	0	1.6
wreck-recovery/act-3	3	new	new	8	lost	stall	17	5	3	8	371	49	46	138	0	6.1
wreck-recovery/act-3	3	expert	expert	8	won		9	0	0	8	268	16	10	97	0	3.0
wreck-recovery/act-3	4	new	new	9	lost	stall	18	5	3	8	430	63	44	183	0	8.6
wreck-recovery/act-3	4	expert	expert	9	won		8	0	0	8	124	2	1	82	0	3.1
wreck-recovery/act-3	5	new	new	5	won		5	0	0	8	22	0	0	76	0	0.9
wreck-recovery/act-3	5	expert	expert	5	won		8	0	0	8	65	7	5	80	0	1.6
wreck-recovery/act-3	6	new	new	6	won		6	0	0	8	30	0	0	79	0	0.7
wreck-recovery/act-3	6	expert	expert	6	won		6	0	0	8	26	0	0	64	0	0.9
wreck-recovery/act-3	7	new	new	7	won	stall	17	1	1	8	196	11	8	95	0	4.1
wreck-recovery/act-3	7	expert	expert	7	lost	stall	13	8	3	8	210	63	46	131	0	4.8
wreck-recovery/act-3	8	new	new	8	won		7	0	0	8	73	9	5	98	0	1.3
wreck-recovery/act-3	8	expert	expert	8	won		9	0	0	8	116	1	0	76	0	2.6
wreck-recovery/act-3	9	new	new	9	won	stall	17	1	1	8	404	14	12	102	0	7.3
wreck-recovery/act-3	9	expert	expert	9	won		8	0	0	8	108	10	7	84	0	3.2
wreck-recovery/act-3	10	new	new	5	won	stall	18	2	2	8	293	26	19	107	0	5.7
wreck-recovery/act-3	10	expert	expert	5	won		6	0	0	8	53	0	0	61	0	1.2
wreck-recovery/act-3	11	new	new	6	won	stall	17	4	3	8	291	36	29	143	0	5.1
wreck-recovery/act-3	11	expert	expert	6	extracted		10	3	0	8	132	18	15	102	0	2.4
wreck-recovery/act-3	12	new	new	7	won	stall	16	1	1	8	328	10	6	97	0	4.9
wreck-recovery/act-3	12	expert	expert	7	won		6	0	0	8	54	0	0	65	0	1.0
wreck-recovery/act-3	13	new	new	8	won		5	0	0	8	54	0	0	66	0	0.8
wreck-recovery/act-3	13	expert	expert	8	won		6	0	0	8	53	0	0	62	0	1.2
wreck-recovery/act-3	14	new	new	9	won	stall	16	3	3	8	429	32	26	97	0	6.5
wreck-recovery/act-3	14	expert	expert	9	won		7	0	0	8	169	1	1	64	0	2.1
wreck-recovery/act-3	15	new	new	5	won		4	0	0	8	14	0	0	52	0	0.6
wreck-recovery/act-3	15	expert	expert	5	won		6	0	0	8	64	0	0	63	0	1.1
hive-assault/act-2	0	new	new	3	won		37	1	0	8	4	67	37	507	0	1.3
hive-assault/act-2	0	expert	expert	3	won		24	3	0	8	12	10	7	191	0	1.0
hive-assault/act-2	1	new	new	4	won		43	1	0	8	4	80	55	670	0	1.9
hive-assault/act-2	1	expert	expert	4	won		36	5	1	8	21	21	14	215	0	1.7
hive-assault/act-2	2	new	new	5	won		40	4	0	8	10	87	63	456	0	1.7
hive-assault/act-2	2	expert	expert	5	won		32	2	0	8	22	24	18	251	0	1.8
hive-assault/act-2	3	new	new	6	won		46	5	0	8	12	99	66	403	0	1.6
hive-assault/act-2	3	expert	expert	6	won		31	3	0	8	14	15	13	223	0	1.5
hive-assault/act-2	4	new	new	7	lost	cap	61	8	3	8	31	173	122	400	0	2.9
hive-assault/act-2	4	expert	expert	7	won		42	7	3	8	76	84	62	227	0	4.0
hive-assault/act-2	5	new	new	3	won		36	1	0	8	6	66	49	620	0	1.5
hive-assault/act-2	5	expert	expert	3	won		30	3	0	8	9	24	18	241	0	1.1
hive-assault/act-2	6	new	new	4	won		34	1	0	8	3	41	36	529	0	1.2
hive-assault/act-2	6	expert	expert	4	won		32	3	0	8	16	25	18	215	0	1.3
hive-assault/act-2	7	new	new	5	won		43	5	0	8	6	92	53	458	0	1.4
hive-assault/act-2	7	expert	expert	5	won		27	1	0	8	12	8	6	226	0	1.2
hive-assault/act-2	8	new	new	6	lost	cap	61	8	3	8	24	179	113	480	0	2.9
hive-assault/act-2	8	expert	expert	6	won		36	6	2	8	50	67	48	218	0	3.0
hive-assault/act-2	9	new	new	7	lost	stall	53	8	3	8	27	145	93	307	0	2.2
hive-assault/act-2	9	expert	expert	7	won		36	6	2	8	41	41	34	193	0	2.6
hive-assault/act-2	10	new	new	3	won		32	1	0	8	8	48	32	478	0	1.4
hive-assault/act-2	10	expert	expert	3	won		33	1	0	8	9	44	28	259	0	1.4
hive-assault/act-2	11	new	new	4	won		40	2	0	8	11	75	52	637	0	1.8
hive-assault/act-2	11	expert	expert	4	won		35	3	0	8	17	16	13	246	0	1.5
hive-assault/act-2	12	new	new	5	won		45	4	0	8	9	77	51	492	0	1.7
hive-assault/act-2	12	expert	expert	5	won		35	3	0	8	14	39	24	258	0	1.5
hive-assault/act-2	13	new	new	6	won		41	3	0	8	12	138	90	536	0	1.7
hive-assault/act-2	13	expert	expert	6	won		30	6	1	8	32	36	18	168	0	1.9
hive-assault/act-2	14	new	new	7	lost	cap	61	8	3	8	40	146	99	274	0	3.1
hive-assault/act-2	14	expert	expert	7	won		41	5	2	8	47	98	73	285	0	3.1
hive-assault/act-2	15	new	new	3	won		32	2	0	8	3	58	41	423	0	1.4
hive-assault/act-2	15	expert	expert	3	won		27	3	0	8	16	53	35	203	0	1.3
story:first-skyfall/act-1	0	new	new	1	won		4	0	0	8	1	0	0	46	0	0.2
story:first-skyfall/act-1	0	expert	expert	1	won		4	0	0	8	1	0	0	31	0	0.2
story:first-skyfall/act-1	1	new	new	1	won		8	0	0	8	5	1	1	68	0	0.3
story:first-skyfall/act-1	1	expert	expert	1	won		4	0	0	8	1	3	3	34	0	0.2
story:first-skyfall/act-1	2	new	new	1	won		8	0	0	8	6	0	0	99	0	0.3
story:first-skyfall/act-1	2	expert	expert	1	won		6	0	0	8	2	5	5	57	0	0.2
story:first-skyfall/act-1	3	new	new	1	won		5	0	0	8	1	0	0	54	0	0.2
story:first-skyfall/act-1	3	expert	expert	1	won		2	0	0	8	1	2	2	22	0	0.2
story:first-skyfall/act-1	4	new	new	1	won		6	0	0	8	2	0	0	61	0	0.3
story:first-skyfall/act-1	4	expert	expert	1	won		5	0	0	8	1	1	1	42	0	0.2
story:first-skyfall/act-1	5	new	new	1	won		8	0	0	8	5	4	3	75	0	0.3
story:first-skyfall/act-1	5	expert	expert	1	won		5	0	0	8	1	2	1	45	0	0.3
story:first-skyfall/act-1	6	new	new	1	won		5	0	0	8	1	0	0	62	0	0.2
story:first-skyfall/act-1	6	expert	expert	1	won		5	0	0	8	1	3	2	32	0	0.2
story:first-skyfall/act-1	7	new	new	1	won		12	0	0	8	6	5	5	122	0	0.4
story:first-skyfall/act-1	7	expert	expert	1	won		6	0	0	8	2	7	5	49	0	0.2
story:first-skyfall/act-1	8	new	new	1	won		13	0	0	8	9	11	7	108	0	0.4
story:first-skyfall/act-1	8	expert	expert	1	won		5	0	0	8	2	8	4	39	0	0.2
story:first-skyfall/act-1	9	new	new	1	won		4	0	0	8	1	0	0	48	0	0.2
story:first-skyfall/act-1	9	expert	expert	1	won		3	0	0	8	1	0	0	31	0	0.2
story:first-skyfall/act-1	10	new	new	1	won		4	0	0	8	1	0	0	57	0	0.2
story:first-skyfall/act-1	10	expert	expert	1	won		3	0	0	8	1	3	2	27	0	0.1
story:first-skyfall/act-1	11	new	new	1	won		5	0	0	8	2	0	0	59	0	0.2
story:first-skyfall/act-1	11	expert	expert	1	won		3	0	0	8	1	2	2	26	0	0.2
story:first-skyfall/act-1	12	new	new	1	won		7	0	0	8	2	2	2	69	0	0.2
story:first-skyfall/act-1	12	expert	expert	1	won		5	0	0	8	2	4	4	35	0	0.2
story:first-skyfall/act-1	13	new	new	1	won		4	0	0	8	1	0	0	49	0	0.2
story:first-skyfall/act-1	13	expert	expert	1	won		4	0	0	8	1	7	4	34	0	0.2
story:first-skyfall/act-1	14	new	new	1	won		7	0	0	8	5	0	0	56	0	0.3
story:first-skyfall/act-1	14	expert	expert	1	won		5	0	0	8	1	4	3	47	0	0.2
story:first-skyfall/act-1	15	new	new	1	won		4	0	0	8	1	0	0	47	0	0.2
story:first-skyfall/act-1	15	expert	expert	1	won		4	0	0	8	1	0	0	31	0	0.2
story:live-specimen/act-1	0	new	new	3	won		16	1	1	8	59	31	22	94	0	1.4
story:live-specimen/act-1	0	expert	expert	3	won		6	0	0	8	36	16	12	71	0	0.5
story:live-specimen/act-1	0	expert	new	3	won		6	0	0	8	30	15	8	71	0	0.6
story:live-specimen/act-1	1	new	new	3	won	stall	31	7	3	8	62	124	98	254	0	2.8
story:live-specimen/act-1	1	expert	expert	3	won		6	0	0	8	28	19	13	62	0	0.6
story:live-specimen/act-1	1	expert	new	3	won		5	0	0	8	19	7	5	53	0	0.9
story:live-specimen/act-1	2	new	new	3	lost	stall	32	8	3	8	69	136	95	268	0	3.0
story:live-specimen/act-1	2	expert	expert	3	won		8	1	0	8	30	23	13	77	0	0.7
story:live-specimen/act-1	2	expert	new	3	won		6	0	0	8	22	11	7	69	0	0.6
story:live-specimen/act-1	3	new	new	3	won		4	0	0	8	6	5	5	53	0	0.3
story:live-specimen/act-1	3	expert	expert	3	won		4	0	0	8	25	13	8	49	0	0.8
story:live-specimen/act-1	3	expert	new	3	won		4	0	0	8	13	10	6	44	0	0.6
story:live-specimen/act-1	4	new	new	3	won	stall	25	3	3	8	73	93	78	205	0	2.4
story:live-specimen/act-1	4	expert	expert	3	won		14	1	0	8	91	45	24	150	0	2.0
story:live-specimen/act-1	4	expert	new	3	won		18	1	0	8	86	70	40	190	0	2.4
story:live-specimen/act-1	5	new	new	3	won		17	2	0	8	40	71	50	160	0	1.0
story:live-specimen/act-1	5	expert	expert	3	won		20	1	1	8	68	39	29	103	0	2.1
story:live-specimen/act-1	5	expert	new	3	won		6	0	0	8	29	16	11	59	0	0.6
story:live-specimen/act-1	6	new	new	3	won	stall	28	7	3	8	38	123	86	246	0	1.8
story:live-specimen/act-1	6	expert	expert	3	won		5	0	0	8	21	11	10	60	0	0.4
story:live-specimen/act-1	6	expert	new	3	won		5	0	0	8	19	13	9	59	0	0.4
story:live-specimen/act-1	7	new	new	3	won		19	2	1	8	38	48	40	179	0	1.4
story:live-specimen/act-1	7	expert	expert	3	won		8	0	0	8	27	22	19	83	0	0.9
story:live-specimen/act-1	7	expert	new	3	won		9	0	0	8	50	14	9	81	0	0.9
story:live-specimen/act-1	8	new	new	3	won	stall	22	5	3	8	47	92	65	189	0	1.5
story:live-specimen/act-1	8	expert	expert	3	won		5	0	0	8	32	13	11	57	0	0.5
story:live-specimen/act-1	8	expert	new	3	won		5	0	0	8	21	7	4	50	0	0.7
story:live-specimen/act-1	9	new	new	3	extracted		8	1	0	8	27	12	10	76	0	0.7
story:live-specimen/act-1	9	expert	expert	3	won		5	0	0	8	25	10	9	60	0	0.4
story:live-specimen/act-1	9	expert	new	3	won		5	0	0	8	27	9	8	56	0	0.4
story:live-specimen/act-1	10	new	new	3	won	stall	21	2	1	8	49	41	35	135	0	1.5
story:live-specimen/act-1	10	expert	expert	3	won		4	0	0	8	26	11	9	52	0	0.4
story:live-specimen/act-1	10	expert	new	3	won		4	0	0	8	31	9	5	50	0	0.4
story:live-specimen/act-1	11	new	new	3	won	stall	18	2	2	8	33	33	29	105	0	1.0
story:live-specimen/act-1	11	expert	expert	3	won		6	0	0	8	24	16	12	68	0	0.8
story:live-specimen/act-1	11	expert	new	3	won		7	0	0	8	30	17	11	75	0	0.6
story:live-specimen/act-1	12	new	new	3	won	stall	24	7	3	8	55	124	85	232	0	1.9
story:live-specimen/act-1	12	expert	expert	3	won		5	0	0	8	15	9	5	62	0	0.6
story:live-specimen/act-1	12	expert	new	3	won		5	0	0	8	17	9	7	60	0	0.6
story:live-specimen/act-1	13	new	new	3	won	stall	21	2	1	8	62	41	32	114	0	1.6
story:live-specimen/act-1	13	expert	expert	3	won		11	1	0	8	45	29	24	110	0	1.5
story:live-specimen/act-1	13	expert	new	3	won		17	1	1	8	67	37	25	115	0	1.7
story:live-specimen/act-1	14	new	new	3	lost	stall	21	8	3	8	39	106	68	199	0	1.3
story:live-specimen/act-1	14	expert	expert	3	won		5	0	0	8	17	12	8	61	0	0.5
story:live-specimen/act-1	14	expert	new	3	won		5	0	0	8	17	12	9	61	0	0.5
story:live-specimen/act-1	15	new	new	3	won	stall	34	6	3	8	75	111	72	209	0	3.5
story:live-specimen/act-1	15	expert	expert	3	won		6	0	0	8	27	19	11	70	0	0.8
story:live-specimen/act-1	15	expert	new	3	won		3	0	0	8	26	9	4	36	0	0.4
story:intact-pod/act-2	0	new	new	6	won	stall	29	2	1	8	23	67	53	224	0	1.4
story:intact-pod/act-2	0	expert	expert	6	won	stall	27	2	1	8	18	55	36	150	0	1.6
story:intact-pod/act-2	1	new	new	6	lost	stall	20	8	3	8	35	73	42	157	0	1.4
story:intact-pod/act-2	1	expert	expert	6	won		21	1	1	8	37	45	24	138	0	1.6
story:intact-pod/act-2	2	new	new	6	lost	stall	20	8	3	8	58	57	44	161	0	1.8
story:intact-pod/act-2	2	expert	expert	6	won		16	1	0	8	44	23	15	124	0	1.6
story:intact-pod/act-2	3	new	new	6	won		17	2	0	8	44	64	45	165	0	1.2
story:intact-pod/act-2	3	expert	expert	6	won		14	0	0	8	59	24	16	126	0	1.1
story:intact-pod/act-2	4	new	new	6	won		30	2	0	8	16	84	60	256	0	2.2
story:intact-pod/act-2	4	expert	expert	6	won		19	2	1	8	64	32	22	133	0	2.1
story:intact-pod/act-2	5	new	new	6	won	stall	29	1	1	8	21	64	48	205	0	1.8
story:intact-pod/act-2	5	expert	expert	6	won		18	1	1	8	59	40	22	134	0	1.9
story:intact-pod/act-2	6	new	new	6	won		25	2	0	8	41	60	38	259	0	1.9
story:intact-pod/act-2	6	expert	expert	6	won		27	1	1	8	21	43	29	167	0	1.5
story:intact-pod/act-2	7	new	new	6	lost	stall	20	8	3	8	46	88	62	171	0	1.6
story:intact-pod/act-2	7	expert	expert	6	won		15	1	0	8	87	38	24	136	0	1.8
story:intact-pod/act-2	8	new	new	6	won	stall	32	1	1	8	28	43	29	183	0	1.7
story:intact-pod/act-2	8	expert	expert	6	won	stall	25	1	1	8	45	18	13	127	0	1.7
story:intact-pod/act-2	9	new	new	6	won		30	2	0	8	23	69	49	199	0	2.0
story:intact-pod/act-2	9	expert	expert	6	won		16	1	0	8	70	19	13	127	0	1.5
story:intact-pod/act-2	10	new	new	6	lost	stall	20	8	3	8	57	73	42	213	0	1.9
story:intact-pod/act-2	10	expert	expert	6	won		25	3	1	8	48	25	17	143	0	1.9
story:intact-pod/act-2	11	new	new	6	won		23	1	0	8	34	69	52	206	0	1.8
story:intact-pod/act-2	11	expert	expert	6	won		19	0	0	8	68	44	31	142	0	1.8
story:intact-pod/act-2	12	new	new	6	won		27	1	0	8	31	93	57	213	0	1.7
story:intact-pod/act-2	12	expert	expert	6	won		13	0	0	8	98	19	12	118	0	1.3
story:intact-pod/act-2	13	new	new	6	won	stall	30	2	1	8	36	62	46	214	0	2.1
story:intact-pod/act-2	13	expert	expert	6	won		16	0	0	8	60	24	15	140	0	1.6
story:intact-pod/act-2	14	new	new	6	lost	stall	20	8	3	8	41	67	45	167	0	1.8
story:intact-pod/act-2	14	expert	expert	6	won		22	2	1	8	34	35	27	135	0	2.0
story:intact-pod/act-2	15	new	new	6	won		23	4	0	8	25	102	73	212	0	1.6
story:intact-pod/act-2	15	expert	expert	6	won		14	2	0	8	66	23	17	114	0	1.2
alpha-hunt/act-2	0	new	new	3	won		9	1	0	8	46	20	12	157	0	1.5
alpha-hunt/act-2	0	expert	expert	3	won		5	0	0	8	15	6	4	49	0	0.7
alpha-hunt/act-2	1	new	new	4	won		4	0	0	8	15	12	9	66	0	0.7
alpha-hunt/act-2	1	expert	expert	4	won		3	0	0	8	13	9	7	35	0	0.6
alpha-hunt/act-2	2	new	new	5	lost	stall	18	8	3	8	62	74	57	261	0	2.0
alpha-hunt/act-2	2	expert	expert	5	won		30	4	1	8	63	71	51	228	0	3.4
alpha-hunt/act-2	3	new	new	6	won	stall	23	2	1	8	83	53	37	194	0	2.6
alpha-hunt/act-2	3	expert	expert	6	won		22	2	1	8	104	52	39	173	0	3.2
alpha-hunt/act-2	4	new	new	7	won	stall	24	3	2	8	118	81	58	225	0	3.9
alpha-hunt/act-2	4	expert	expert	7	won		7	0	0	8	55	8	6	95	0	1.4
alpha-hunt/act-2	5	new	new	3	won		3	0	0	8	7	3	2	48	0	0.6
alpha-hunt/act-2	5	expert	expert	3	won		5	0	0	8	13	10	8	45	0	0.7
alpha-hunt/act-2	6	new	new	4	won		3	0	0	8	6	3	3	52	0	0.6
alpha-hunt/act-2	6	expert	expert	4	won		5	0	0	8	19	13	9	56	0	0.8
alpha-hunt/act-2	7	new	new	5	won		4	0	0	8	4	2	2	56	0	0.6
alpha-hunt/act-2	7	expert	expert	5	won		5	0	0	8	25	8	4	49	0	0.7
alpha-hunt/act-2	8	new	new	6	won	stall	29	6	2	8	146	81	58	263	0	5.0
alpha-hunt/act-2	8	expert	expert	6	won		24	1	1	8	131	35	26	182	0	4.4
alpha-hunt/act-2	9	new	new	7	won		6	0	0	8	14	7	5	85	0	0.9
alpha-hunt/act-2	9	expert	expert	7	won		4	0	0	8	10	6	3	50	0	0.6
alpha-hunt/act-2	10	new	new	3	lost	stall	26	6	3	8	81	113	79	290	0	3.2
alpha-hunt/act-2	10	expert	expert	3	won		22	1	1	8	79	59	44	228	0	3.4
alpha-hunt/act-2	11	new	new	4	won		3	0	0	8	8	3	3	49	0	0.6
alpha-hunt/act-2	11	expert	expert	4	won		4	0	0	8	6	4	3	37	0	0.7
alpha-hunt/act-2	12	new	new	5	won		8	0	0	8	21	18	14	148	0	1.2
alpha-hunt/act-2	12	expert	expert	5	won		5	0	0	8	10	5	3	49	0	0.8
alpha-hunt/act-2	13	new	new	6	won		5	0	0	8	13	5	3	85	0	0.7
alpha-hunt/act-2	13	expert	expert	6	won		5	0	0	8	12	8	5	48	0	0.7
alpha-hunt/act-2	14	new	new	7	won		20	3	1	8	102	70	45	194	0	2.8
alpha-hunt/act-2	14	expert	expert	7	won		6	0	0	8	18	9	7	66	0	0.9
alpha-hunt/act-2	15	new	new	3	won		4	0	0	8	4	6	5	62	0	0.6
alpha-hunt/act-2	15	expert	expert	3	won		5	0	0	8	11	9	7	44	0	0.7
alpha-hunt/act-3	0	new	new	5	won	stall	18	1	1	8	54	15	10	134	0	2.1
alpha-hunt/act-3	0	expert	expert	5	won		6	0	0	8	17	4	2	62	0	0.9
alpha-hunt/act-3	1	new	new	6	won		3	0	0	8	6	3	2	51	0	0.5
alpha-hunt/act-3	1	expert	expert	6	won		4	0	0	8	5	3	3	33	0	0.5
alpha-hunt/act-3	2	new	new	7	won		6	0	0	8	9	15	12	104	0	0.9
alpha-hunt/act-3	2	expert	expert	7	won		7	0	0	8	23	9	5	69	0	1.0
alpha-hunt/act-3	3	new	new	8	lost	stall	19	8	3	8	153	79	59	221	0	4.3
alpha-hunt/act-3	3	expert	expert	8	won		15	1	0	8	138	22	15	149	0	4.4
alpha-hunt/act-3	4	new	new	9	won	stall	21	3	2	8	162	51	37	186	0	4.7
alpha-hunt/act-3	4	expert	expert	9	won		9	0	0	8	68	5	4	99	0	2.2
alpha-hunt/act-3	5	new	new	5	won	stall	18	2	1	8	65	29	22	159	0	2.0
alpha-hunt/act-3	5	expert	expert	5	won		5	0	0	8	11	6	4	51	0	0.7
alpha-hunt/act-3	6	new	new	6	won	stall	19	2	1	8	102	29	22	164	0	2.7
alpha-hunt/act-3	6	expert	expert	6	won		21	3	0	8	94	59	46	238	0	4.2
alpha-hunt/act-3	7	new	new	7	won	stall	20	1	1	8	98	32	25	159	0	2.7
alpha-hunt/act-3	7	expert	expert	7	won		10	0	0	8	57	13	9	104	0	1.6
alpha-hunt/act-3	8	new	new	8	won		10	2	0	8	75	25	19	143	0	2.4
alpha-hunt/act-3	8	expert	expert	8	won		9	0	0	8	88	8	6	82	0	2.7
alpha-hunt/act-3	9	new	new	9	lost	stall	18	8	3	8	111	102	69	209	0	3.1
alpha-hunt/act-3	9	expert	expert	9	won		13	1	0	8	109	44	23	162	0	2.8
alpha-hunt/act-3	10	new	new	5	won		6	0	0	8	12	4	3	96	0	1.0
alpha-hunt/act-3	10	expert	expert	5	won		7	0	0	8	16	3	2	68	0	1.1
alpha-hunt/act-3	11	new	new	6	won	stall	22	7	3	8	64	116	95	263	0	2.9
alpha-hunt/act-3	11	expert	expert	6	won	stall	19	1	1	8	117	16	13	94	0	2.9
alpha-hunt/act-3	12	new	new	7	won	stall	21	2	2	8	95	43	37	187	0	2.9
alpha-hunt/act-3	12	expert	expert	7	won		14	1	0	8	72	34	25	160	0	2.4
alpha-hunt/act-3	13	new	new	8	won		8	0	0	8	42	12	7	119	0	1.8
alpha-hunt/act-3	13	expert	expert	8	won		4	0	0	8	10	4	4	45	0	1.3
alpha-hunt/act-3	14	new	new	9	lost	stall	21	8	3	8	167	101	72	274	0	5.7
alpha-hunt/act-3	14	expert	expert	9	won		13	0	0	8	121	14	10	126	0	3.7
alpha-hunt/act-3	15	new	new	5	won		2	0	0	8	2	3	2	17	0	0.4
alpha-hunt/act-3	15	expert	expert	5	won		2	0	0	8	1	2	2	14	0	0.5
story:spore-platform/finale	0	new	new	10	won		41	5	0	8	48	171	127	330	0	2.7
story:spore-platform/finale	0	expert	expert	10	won		12	2	0	8	14	20	15	99	0	1.0
story:spore-platform/finale	1	new	new	10	won		19	4	0	8	34	54	41	177	0	1.6
story:spore-platform/finale	1	expert	expert	10	won		13	4	0	8	26	14	11	97	0	1.0
story:spore-platform/finale	2	new	new	10	won		13	2	0	8	16	22	16	158	0	1.3
story:spore-platform/finale	2	expert	expert	10	won		12	3	0	8	19	16	9	99	0	1.1
story:spore-platform/finale	3	new	new	10	lost	cap	68	8	3	8	134	233	164	346	0	8.7
story:spore-platform/finale	3	expert	expert	10	won		12	2	0	8	12	17	13	97	0	1.0
story:spore-platform/finale	4	new	new	10	won		21	3	0	8	50	71	55	216	0	1.9
story:spore-platform/finale	4	expert	expert	10	won		13	3	0	8	10	18	16	102	0	1.1
story:spore-platform/finale	5	new	new	10	won		23	2	0	8	43	81	55	229	0	1.9
story:spore-platform/finale	5	expert	expert	10	won		13	4	0	8	14	14	9	97	0	1.1
story:spore-platform/finale	6	new	new	10	lost	cap	69	8	3	8	97	213	169	328	0	7.1
story:spore-platform/finale	6	expert	expert	10	won		12	4	0	8	15	14	11	92	0	1.1
story:spore-platform/finale	7	new	new	10	won		13	0	0	8	30	40	34	183	0	1.3
story:spore-platform/finale	7	expert	expert	10	won		12	4	0	8	14	14	12	94	0	1.0
story:spore-platform/finale	8	new	new	10	won		40	5	0	8	57	137	105	281	0	3.0
story:spore-platform/finale	8	expert	expert	10	won		12	3	0	8	18	19	14	102	0	1.0
story:spore-platform/finale	9	new	new	10	won		33	5	0	8	45	106	82	243	0	2.4
story:spore-platform/finale	9	expert	expert	10	won		12	3	0	8	14	16	14	95	0	1.1
story:spore-platform/finale	10	new	new	10	lost	cap	66	8	3	8	89	236	177	358	0	6.0
story:spore-platform/finale	10	expert	expert	10	won		11	2	0	8	14	12	8	89	0	0.9
story:spore-platform/finale	11	new	new	10	lost	cap	77	8	3	8	105	192	142	321	0	7.6
story:spore-platform/finale	11	expert	expert	10	won		12	2	0	8	13	14	9	95	0	0.9
story:spore-platform/finale	12	new	new	10	won		17	3	0	8	21	48	36	182	0	1.3
story:spore-platform/finale	12	expert	expert	10	won		13	2	0	8	13	17	15	98	0	1.0
story:spore-platform/finale	13	new	new	10	lost	cap	71	8	3	8	87	202	142	323	0	6.5
story:spore-platform/finale	13	expert	expert	10	won		13	4	0	8	24	17	15	97	0	1.0
story:spore-platform/finale	14	new	new	10	lost	cap	70	8	3	8	90	225	176	340	0	6.6
story:spore-platform/finale	14	expert	expert	10	won		13	3	0	8	17	23	15	109	0	1.0
story:spore-platform/finale	15	new	new	10	won		15	2	0	8	26	35	30	190	0	1.3
story:spore-platform/finale	15	expert	expert	10	won		13	4	0	8	14	17	13	103	0	1.0
